-- MySQL dump 10.13  Distrib 8.0.36, for Win64 (x86_64)
--
-- Host: localhost    Database: suyuan
-- ------------------------------------------------------
-- Server version	8.0.36

/*!40101 SET @OLD_CHARACTER_SET_CLIENT=@@CHARACTER_SET_CLIENT */;
/*!40101 SET @OLD_CHARACTER_SET_RESULTS=@@CHARACTER_SET_RESULTS */;
/*!40101 SET @OLD_COLLATION_CONNECTION=@@COLLATION_CONNECTION */;
/*!50503 SET NAMES utf8 */;
/*!40103 SET @OLD_TIME_ZONE=@@TIME_ZONE */;
/*!40103 SET TIME_ZONE='+00:00' */;
/*!40014 SET @OLD_UNIQUE_CHECKS=@@UNIQUE_CHECKS, UNIQUE_CHECKS=0 */;
/*!40014 SET @OLD_FOREIGN_KEY_CHECKS=@@FOREIGN_KEY_CHECKS, FOREIGN_KEY_CHECKS=0 */;
/*!40101 SET @OLD_SQL_MODE=@@SQL_MODE, SQL_MODE='NO_AUTO_VALUE_ON_ZERO' */;
/*!40111 SET @OLD_SQL_NOTES=@@SQL_NOTES, SQL_NOTES=0 */;

--
-- Table structure for table `analyse_heatmapmodel`
--

DROP TABLE IF EXISTS `analyse_heatmapmodel`;
/*!40101 SET @saved_cs_client     = @@character_set_client */;
/*!50503 SET character_set_client = utf8mb4 */;
CREATE TABLE `analyse_heatmapmodel` (
  `id` bigint NOT NULL AUTO_INCREMENT,
  `name` varchar(100) DEFAULT NULL,
  `value` double DEFAULT NULL,
  `created_at` datetime(6) NOT NULL,
  `province` varchar(100) DEFAULT NULL,
  PRIMARY KEY (`id`)
) ENGINE=InnoDB AUTO_INCREMENT=17 DEFAULT CHARSET=utf8mb4 COLLATE=utf8mb4_0900_ai_ci;
/*!40101 SET character_set_client = @saved_cs_client */;

--
-- Dumping data for table `analyse_heatmapmodel`
--

LOCK TABLES `analyse_heatmapmodel` WRITE;
/*!40000 ALTER TABLE `analyse_heatmapmodel` DISABLE KEYS */;
INSERT INTO `analyse_heatmapmodel` VALUES (1,'合肥',60000,'2024-03-29 21:25:08.950722','安徽'),(2,'芜湖',54450.17,'2024-03-29 21:25:51.141936','安徽'),(3,'马鞍山',49815.06,'2024-03-29 21:26:20.753356','安徽'),(4,'铜陵',31449.08,'2024-03-29 21:27:05.967433','安徽'),(5,'滁州',39916.05,'2024-03-29 21:27:54.936366','安徽'),(6,'黄山',38711.52,'2024-03-29 21:28:16.931038','安徽'),(7,'阜阳',41280.69,'2024-03-29 21:28:45.287140','安徽'),(8,'淮南',45309.65,'2024-03-29 21:29:04.268223','安徽'),(9,'安庆',24951.94,'2024-03-29 21:29:21.107720','安徽'),(10,'池州',44718.34,'2024-03-29 21:29:41.380029','安徽'),(11,'六安',44170.82,'2024-03-29 21:30:05.890022','安徽'),(12,'蚌埠',44119.72,'2024-03-29 21:30:24.578502','安徽'),(13,'宣城',43922.62,'2024-03-29 21:30:58.928285','安徽'),(14,'亳州',43922.62,'2024-03-29 21:34:01.499173','安徽'),(15,'宿州',40622.95,'2024-03-29 21:34:25.086114','安徽'),(16,'淮北',49381.92,'2024-03-29 21:34:42.213729','安徽');
/*!40000 ALTER TABLE `analyse_heatmapmodel` ENABLE KEYS */;
UNLOCK TABLES;

--
-- Table structure for table `auth_group`
--

DROP TABLE IF EXISTS `auth_group`;
/*!40101 SET @saved_cs_client     = @@character_set_client */;
/*!50503 SET character_set_client = utf8mb4 */;
CREATE TABLE `auth_group` (
  `id` int NOT NULL AUTO_INCREMENT,
  `name` varchar(150) NOT NULL,
  PRIMARY KEY (`id`),
  UNIQUE KEY `name` (`name`)
) ENGINE=InnoDB AUTO_INCREMENT=2 DEFAULT CHARSET=utf8mb4 COLLATE=utf8mb4_0900_ai_ci;
/*!40101 SET character_set_client = @saved_cs_client */;

--
-- Dumping data for table `auth_group`
--

LOCK TABLES `auth_group` WRITE;
/*!40000 ALTER TABLE `auth_group` DISABLE KEYS */;
INSERT INTO `auth_group` VALUES (1,'admin_group');
/*!40000 ALTER TABLE `auth_group` ENABLE KEYS */;
UNLOCK TABLES;

--
-- Table structure for table `auth_group_permissions`
--

DROP TABLE IF EXISTS `auth_group_permissions`;
/*!40101 SET @saved_cs_client     = @@character_set_client */;
/*!50503 SET character_set_client = utf8mb4 */;
CREATE TABLE `auth_group_permissions` (
  `id` bigint NOT NULL AUTO_INCREMENT,
  `group_id` int NOT NULL,
  `permission_id` int NOT NULL,
  PRIMARY KEY (`id`),
  UNIQUE KEY `auth_group_permissions_group_id_permission_id_0cd325b0_uniq` (`group_id`,`permission_id`),
  KEY `auth_group_permissio_permission_id_84c5c92e_fk_auth_perm` (`permission_id`),
  CONSTRAINT `auth_group_permissio_permission_id_84c5c92e_fk_auth_perm` FOREIGN KEY (`permission_id`) REFERENCES `auth_permission` (`id`),
  CONSTRAINT `auth_group_permissions_group_id_b120cbf9_fk_auth_group_id` FOREIGN KEY (`group_id`) REFERENCES `auth_group` (`id`)
) ENGINE=InnoDB AUTO_INCREMENT=121 DEFAULT CHARSET=utf8mb4 COLLATE=utf8mb4_0900_ai_ci;
/*!40101 SET character_set_client = @saved_cs_client */;

--
-- Dumping data for table `auth_group_permissions`
--

LOCK TABLES `auth_group_permissions` WRITE;
/*!40000 ALTER TABLE `auth_group_permissions` DISABLE KEYS */;
INSERT INTO `auth_group_permissions` VALUES (1,1,1),(2,1,2),(3,1,3),(4,1,4),(5,1,5),(6,1,6),(7,1,7),(8,1,8),(9,1,9),(10,1,10),(11,1,11),(12,1,12),(13,1,13),(14,1,14),(15,1,15),(16,1,16),(17,1,17),(18,1,18),(19,1,19),(20,1,20),(21,1,21),(22,1,22),(23,1,23),(24,1,24),(25,1,25),(26,1,26),(27,1,27),(28,1,28),(29,1,29),(30,1,30),(31,1,31),(32,1,32),(33,1,33),(34,1,34),(35,1,35),(36,1,36),(37,1,37),(38,1,38),(39,1,39),(40,1,40),(41,1,41),(42,1,42),(43,1,43),(44,1,44),(45,1,45),(46,1,46),(47,1,47),(48,1,48),(49,1,49),(50,1,50),(51,1,51),(52,1,52),(53,1,53),(54,1,54),(55,1,55),(56,1,56),(57,1,57),(58,1,58),(59,1,59),(60,1,60),(61,1,61),(62,1,62),(63,1,63),(64,1,64),(65,1,65),(66,1,66),(67,1,67),(68,1,68),(69,1,69),(70,1,70),(71,1,71),(72,1,72),(73,1,73),(74,1,74),(75,1,75),(76,1,76),(77,1,77),(78,1,78),(79,1,79),(80,1,80),(81,1,81),(82,1,82),(83,1,83),(84,1,84),(85,1,85),(86,1,86),(87,1,87),(88,1,88),(89,1,89),(90,1,90),(91,1,91),(92,1,92),(93,1,93),(94,1,94),(95,1,95),(96,1,96),(97,1,97),(98,1,98),(99,1,99),(100,1,100),(101,1,101),(102,1,102),(103,1,103),(104,1,104),(105,1,105),(106,1,106),(107,1,107),(108,1,108),(109,1,109),(110,1,110),(111,1,111),(112,1,112),(113,1,113),(114,1,114),(115,1,115),(116,1,116),(117,1,117),(118,1,118),(119,1,119),(120,1,120);
/*!40000 ALTER TABLE `auth_group_permissions` ENABLE KEYS */;
UNLOCK TABLES;

--
-- Table structure for table `auth_permission`
--

DROP TABLE IF EXISTS `auth_permission`;
/*!40101 SET @saved_cs_client     = @@character_set_client */;
/*!50503 SET character_set_client = utf8mb4 */;
CREATE TABLE `auth_permission` (
  `id` int NOT NULL AUTO_INCREMENT,
  `name` varchar(255) NOT NULL,
  `content_type_id` int NOT NULL,
  `codename` varchar(100) NOT NULL,
  PRIMARY KEY (`id`),
  UNIQUE KEY `auth_permission_content_type_id_codename_01ab375a_uniq` (`content_type_id`,`codename`),
  CONSTRAINT `auth_permission_content_type_id_2f476e4b_fk_django_co` FOREIGN KEY (`content_type_id`) REFERENCES `django_content_type` (`id`)
) ENGINE=InnoDB AUTO_INCREMENT=129 DEFAULT CHARSET=utf8mb4 COLLATE=utf8mb4_0900_ai_ci;
/*!40101 SET character_set_client = @saved_cs_client */;

--
-- Dumping data for table `auth_permission`
--

LOCK TABLES `auth_permission` WRITE;
/*!40000 ALTER TABLE `auth_permission` DISABLE KEYS */;
INSERT INTO `auth_permission` VALUES (1,'Can add log entry',1,'add_logentry'),(2,'Can change log entry',1,'change_logentry'),(3,'Can delete log entry',1,'delete_logentry'),(4,'Can view log entry',1,'view_logentry'),(5,'Can add permission',2,'add_permission'),(6,'Can change permission',2,'change_permission'),(7,'Can delete permission',2,'delete_permission'),(8,'Can view permission',2,'view_permission'),(9,'Can add group',3,'add_group'),(10,'Can change group',3,'change_group'),(11,'Can delete group',3,'delete_group'),(12,'Can view group',3,'view_group'),(13,'Can add user',4,'add_user'),(14,'Can change user',4,'change_user'),(15,'Can delete user',4,'delete_user'),(16,'Can view user',4,'view_user'),(17,'Can add content type',5,'add_contenttype'),(18,'Can change content type',5,'change_contenttype'),(19,'Can delete content type',5,'delete_contenttype'),(20,'Can view content type',5,'view_contenttype'),(21,'Can add session',6,'add_session'),(22,'Can change session',6,'change_session'),(23,'Can delete session',6,'delete_session'),(24,'Can view session',6,'view_session'),(25,'Can add mineral development model',7,'add_mineraldevelopmentmodel'),(26,'Can change mineral development model',7,'change_mineraldevelopmentmodel'),(27,'Can delete mineral development model',7,'delete_mineraldevelopmentmodel'),(28,'Can view mineral development model',7,'view_mineraldevelopmentmodel'),(29,'Can add regional resource facilities model',8,'add_regionalresourcefacilitiesmodel'),(30,'Can change regional resource facilities model',8,'change_regionalresourcefacilitiesmodel'),(31,'Can delete regional resource facilities model',8,'delete_regionalresourcefacilitiesmodel'),(32,'Can view regional resource facilities model',8,'view_regionalresourcefacilitiesmodel'),(33,'Can add national energy import and export model',9,'add_nationalenergyimportandexportmodel'),(34,'Can change national energy import and export model',9,'change_nationalenergyimportandexportmodel'),(35,'Can delete national energy import and export model',9,'delete_nationalenergyimportandexportmodel'),(36,'Can view national energy import and export model',9,'view_nationalenergyimportandexportmodel'),(37,'Can add national power generation installed capacity model',10,'add_nationalpowergenerationinstalledcapacitymodel'),(38,'Can change national power generation installed capacity model',10,'change_nationalpowergenerationinstalledcapacitymodel'),(39,'Can delete national power generation installed capacity model',10,'delete_nationalpowergenerationinstalledcapacitymodel'),(40,'Can view national power generation installed capacity model',10,'view_nationalpowergenerationinstalledcapacitymodel'),(41,'Can add national energy production and inventory',11,'add_nationalenergyproductionandinventory'),(42,'Can change national energy production and inventory',11,'change_nationalenergyproductionandinventory'),(43,'Can delete national energy production and inventory',11,'delete_nationalenergyproductionandinventory'),(44,'Can view national energy production and inventory',11,'view_nationalenergyproductionandinventory'),(45,'Can add national energy production and inventory model',12,'add_nationalenergyproductionandinventorymodel'),(46,'Can change national energy production and inventory model',12,'change_nationalenergyproductionandinventorymodel'),(47,'Can delete national energy production and inventory model',12,'delete_nationalenergyproductionandinventorymodel'),(48,'Can view national energy production and inventory model',12,'view_nationalenergyproductionandinventorymodel'),(49,'Can add energy import and export model',9,'add_energyimportandexportmodel'),(50,'Can change energy import and export model',9,'change_energyimportandexportmodel'),(51,'Can delete energy import and export model',9,'delete_energyimportandexportmodel'),(52,'Can view energy import and export model',9,'view_energyimportandexportmodel'),(53,'Can add energy production and inventory model',12,'add_energyproductionandinventorymodel'),(54,'Can change energy production and inventory model',12,'change_energyproductionandinventorymodel'),(55,'Can delete energy production and inventory model',12,'delete_energyproductionandinventorymodel'),(56,'Can view energy production and inventory model',12,'view_energyproductionandinventorymodel'),(57,'Can add power generation installed capacity model',10,'add_powergenerationinstalledcapacitymodel'),(58,'Can change power generation installed capacity model',10,'change_powergenerationinstalledcapacitymodel'),(59,'Can delete power generation installed capacity model',10,'delete_powergenerationinstalledcapacitymodel'),(60,'Can view power generation installed capacity model',10,'view_powergenerationinstalledcapacitymodel'),(61,'Can add api request',13,'add_apirequest'),(62,'Can change api request',13,'change_apirequest'),(63,'Can delete api request',13,'delete_apirequest'),(64,'Can view api request',13,'view_apirequest'),(65,'Can add energy consumption model',14,'add_energyconsumptionmodel'),(66,'Can change energy consumption model',14,'change_energyconsumptionmodel'),(67,'Can delete energy consumption model',14,'delete_energyconsumptionmodel'),(68,'Can view energy consumption model',14,'view_energyconsumptionmodel'),(69,'Can add main energy production',15,'add_mainenergyproduction'),(70,'Can change main energy production',15,'change_mainenergyproduction'),(71,'Can delete main energy production',15,'delete_mainenergyproduction'),(72,'Can view main energy production',15,'view_mainenergyproduction'),(73,'Can add main energy production model',15,'add_mainenergyproductionmodel'),(74,'Can change main energy production model',15,'change_mainenergyproductionmodel'),(75,'Can delete main energy production model',15,'delete_mainenergyproductionmodel'),(76,'Can view main energy production model',15,'view_mainenergyproductionmodel'),(77,'Can add electric field fault model',16,'add_electricfieldfaultmodel'),(78,'Can change electric field fault model',16,'change_electricfieldfaultmodel'),(79,'Can delete electric field fault model',16,'delete_electricfieldfaultmodel'),(80,'Can view electric field fault model',16,'view_electricfieldfaultmodel'),(81,'Can add electric field model',17,'add_electricfieldmodel'),(82,'Can change electric field model',17,'change_electricfieldmodel'),(83,'Can delete electric field model',17,'delete_electricfieldmodel'),(84,'Can view electric field model',17,'view_electricfieldmodel'),(85,'Can add profile',18,'add_profile'),(86,'Can change profile',18,'change_profile'),(87,'Can delete profile',18,'delete_profile'),(88,'Can view profile',18,'view_profile'),(89,'Can add request',19,'add_request'),(90,'Can change request',19,'change_request'),(91,'Can delete request',19,'delete_request'),(92,'Can view request',19,'view_request'),(93,'Can add response',20,'add_response'),(94,'Can change response',20,'change_response'),(95,'Can delete response',20,'delete_response'),(96,'Can view response',20,'view_response'),(97,'Can add sql query',21,'add_sqlquery'),(98,'Can change sql query',21,'change_sqlquery'),(99,'Can delete sql query',21,'delete_sqlquery'),(100,'Can view sql query',21,'view_sqlquery'),(101,'Can add new_ energy model',22,'add_new_energymodel'),(102,'Can change new_ energy model',22,'change_new_energymodel'),(103,'Can delete new_ energy model',22,'delete_new_energymodel'),(104,'Can view new_ energy model',22,'view_new_energymodel'),(105,'Can add new energy model',22,'add_newenergymodel'),(106,'Can change new energy model',22,'change_newenergymodel'),(107,'Can delete new energy model',22,'delete_newenergymodel'),(108,'Can view new energy model',22,'view_newenergymodel'),(109,'Can add market investment model',23,'add_marketinvestmentmodel'),(110,'Can change market investment model',23,'change_marketinvestmentmodel'),(111,'Can delete market investment model',23,'delete_marketinvestmentmodel'),(112,'Can view market investment model',23,'view_marketinvestmentmodel'),(113,'Can add energy develop and demand model',24,'add_energydevelopanddemandmodel'),(114,'Can change energy develop and demand model',24,'change_energydevelopanddemandmodel'),(115,'Can delete energy develop and demand model',24,'delete_energydevelopanddemandmodel'),(116,'Can view energy develop and demand model',24,'view_energydevelopanddemandmodel'),(117,'Can add energy reserve model',25,'add_energyreservemodel'),(118,'Can change energy reserve model',25,'change_energyreservemodel'),(119,'Can delete energy reserve model',25,'delete_energyreservemodel'),(120,'Can view energy reserve model',25,'view_energyreservemodel'),(121,'Can add heat map model',26,'add_heatmapmodel'),(122,'Can change heat map model',26,'change_heatmapmodel'),(123,'Can delete heat map model',26,'delete_heatmapmodel'),(124,'Can view heat map model',26,'view_heatmapmodel'),(125,'Can add new energy model',27,'add_newenergymodel'),(126,'Can change new energy model',27,'change_newenergymodel'),(127,'Can delete new energy model',27,'delete_newenergymodel'),(128,'Can view new energy model',27,'view_newenergymodel');
/*!40000 ALTER TABLE `auth_permission` ENABLE KEYS */;
UNLOCK TABLES;

--
-- Table structure for table `auth_user`
--

DROP TABLE IF EXISTS `auth_user`;
/*!40101 SET @saved_cs_client     = @@character_set_client */;
/*!50503 SET character_set_client = utf8mb4 */;
CREATE TABLE `auth_user` (
  `id` int NOT NULL AUTO_INCREMENT,
  `password` varchar(128) NOT NULL,
  `last_login` datetime(6) DEFAULT NULL,
  `is_superuser` tinyint(1) NOT NULL,
  `username` varchar(150) NOT NULL,
  `first_name` varchar(150) NOT NULL,
  `last_name` varchar(150) NOT NULL,
  `email` varchar(254) NOT NULL,
  `is_staff` tinyint(1) NOT NULL,
  `is_active` tinyint(1) NOT NULL,
  `date_joined` datetime(6) NOT NULL,
  PRIMARY KEY (`id`),
  UNIQUE KEY `username` (`username`)
) ENGINE=InnoDB AUTO_INCREMENT=4 DEFAULT CHARSET=utf8mb4 COLLATE=utf8mb4_0900_ai_ci;
/*!40101 SET character_set_client = @saved_cs_client */;

--
-- Dumping data for table `auth_user`
--

LOCK TABLES `auth_user` WRITE;
/*!40000 ALTER TABLE `auth_user` DISABLE KEYS */;
INSERT INTO `auth_user` VALUES (1,'pbkdf2_sha256$720000$ziwDfjBKQCF6meW0T9rvLU$AoEYxn+3FEOI1wS/spwc4TGwFphWcrsN6GcXuVSCH/U=','2024-03-28 20:47:00.000000',1,'Li','','','',1,1,'2024-03-17 13:19:00.000000'),(2,'pbkdf2_sha256$720000$nwysS9Seg3e5UtOBbMTvua$4pynNa9NVQH47PQIMl6zTYbmvZDAlivDbLB9L94l2Uo=','2024-03-28 20:22:00.000000',1,'admin','','','',1,1,'2024-03-25 17:36:00.000000');
/*!40000 ALTER TABLE `auth_user` ENABLE KEYS */;
UNLOCK TABLES;

--
-- Table structure for table `auth_user_groups`
--

DROP TABLE IF EXISTS `auth_user_groups`;
/*!40101 SET @saved_cs_client     = @@character_set_client */;
/*!50503 SET character_set_client = utf8mb4 */;
CREATE TABLE `auth_user_groups` (
  `id` bigint NOT NULL AUTO_INCREMENT,
  `user_id` int NOT NULL,
  `group_id` int NOT NULL,
  PRIMARY KEY (`id`),
  UNIQUE KEY `auth_user_groups_user_id_group_id_94350c0c_uniq` (`user_id`,`group_id`),
  KEY `auth_user_groups_group_id_97559544_fk_auth_group_id` (`group_id`),
  CONSTRAINT `auth_user_groups_group_id_97559544_fk_auth_group_id` FOREIGN KEY (`group_id`) REFERENCES `auth_group` (`id`),
  CONSTRAINT `auth_user_groups_user_id_6a12ed8b_fk_auth_user_id` FOREIGN KEY (`user_id`) REFERENCES `auth_user` (`id`)
) ENGINE=InnoDB AUTO_INCREMENT=3 DEFAULT CHARSET=utf8mb4 COLLATE=utf8mb4_0900_ai_ci;
/*!40101 SET character_set_client = @saved_cs_client */;

--
-- Dumping data for table `auth_user_groups`
--

LOCK TABLES `auth_user_groups` WRITE;
/*!40000 ALTER TABLE `auth_user_groups` DISABLE KEYS */;
INSERT INTO `auth_user_groups` VALUES (1,1,1),(2,2,1);
/*!40000 ALTER TABLE `auth_user_groups` ENABLE KEYS */;
UNLOCK TABLES;

--
-- Table structure for table `auth_user_user_permissions`
--

DROP TABLE IF EXISTS `auth_user_user_permissions`;
/*!40101 SET @saved_cs_client     = @@character_set_client */;
/*!50503 SET character_set_client = utf8mb4 */;
CREATE TABLE `auth_user_user_permissions` (
  `id` bigint NOT NULL AUTO_INCREMENT,
  `user_id` int NOT NULL,
  `permission_id` int NOT NULL,
  PRIMARY KEY (`id`),
  UNIQUE KEY `auth_user_user_permissions_user_id_permission_id_14a6b632_uniq` (`user_id`,`permission_id`),
  KEY `auth_user_user_permi_permission_id_1fbb5f2c_fk_auth_perm` (`permission_id`),
  CONSTRAINT `auth_user_user_permi_permission_id_1fbb5f2c_fk_auth_perm` FOREIGN KEY (`permission_id`) REFERENCES `auth_permission` (`id`),
  CONSTRAINT `auth_user_user_permissions_user_id_a95ead1b_fk_auth_user_id` FOREIGN KEY (`user_id`) REFERENCES `auth_user` (`id`)
) ENGINE=InnoDB DEFAULT CHARSET=utf8mb4 COLLATE=utf8mb4_0900_ai_ci;
/*!40101 SET character_set_client = @saved_cs_client */;

--
-- Dumping data for table `auth_user_user_permissions`
--

LOCK TABLES `auth_user_user_permissions` WRITE;
/*!40000 ALTER TABLE `auth_user_user_permissions` DISABLE KEYS */;
/*!40000 ALTER TABLE `auth_user_user_permissions` ENABLE KEYS */;
UNLOCK TABLES;

--
-- Table structure for table `django_admin_log`
--

DROP TABLE IF EXISTS `django_admin_log`;
/*!40101 SET @saved_cs_client     = @@character_set_client */;
/*!50503 SET character_set_client = utf8mb4 */;
CREATE TABLE `django_admin_log` (
  `id` int NOT NULL AUTO_INCREMENT,
  `action_time` datetime(6) NOT NULL,
  `object_id` longtext,
  `object_repr` varchar(200) NOT NULL,
  `action_flag` smallint unsigned NOT NULL,
  `change_message` longtext NOT NULL,
  `content_type_id` int DEFAULT NULL,
  `user_id` int NOT NULL,
  PRIMARY KEY (`id`),
  KEY `django_admin_log_content_type_id_c4bce8eb_fk_django_co` (`content_type_id`),
  KEY `django_admin_log_user_id_c564eba6_fk_auth_user_id` (`user_id`),
  CONSTRAINT `django_admin_log_content_type_id_c4bce8eb_fk_django_co` FOREIGN KEY (`content_type_id`) REFERENCES `django_content_type` (`id`),
  CONSTRAINT `django_admin_log_user_id_c564eba6_fk_auth_user_id` FOREIGN KEY (`user_id`) REFERENCES `auth_user` (`id`),
  CONSTRAINT `django_admin_log_chk_1` CHECK ((`action_flag` >= 0))
) ENGINE=InnoDB AUTO_INCREMENT=197 DEFAULT CHARSET=utf8mb4 COLLATE=utf8mb4_0900_ai_ci;
/*!40101 SET character_set_client = @saved_cs_client */;

--
-- Dumping data for table `django_admin_log`
--

LOCK TABLES `django_admin_log` WRITE;
/*!40000 ALTER TABLE `django_admin_log` DISABLE KEYS */;
INSERT INTO `django_admin_log` VALUES (1,'2024-03-17 13:40:36.873475','1','2010',1,'[{\"added\": {}}]',9,1),(2,'2024-03-17 13:40:53.444160','2','2015',1,'[{\"added\": {}}]',9,1),(3,'2024-03-17 13:41:08.911785','3','2019',1,'[{\"added\": {}}]',9,1),(4,'2024-03-17 13:41:21.057546','4','2020',1,'[{\"added\": {}}]',9,1),(5,'2024-03-17 13:41:37.034824','5','2021',1,'[{\"added\": {}}]',9,1),(6,'2024-03-17 13:41:44.429358','4','2020',2,'[{\"changed\": {\"fields\": [\"\\u53ef\\u4f9b\\u6d88\\u8d39\\u7684\\u80fd\\u6e90\\u603b\\u91cf\"]}}]',9,1),(7,'2024-03-17 13:42:10.342572','1','2010',2,'[{\"changed\": {\"fields\": [\"\\u77f3\\u6cb9\", \"\\u7164\\u70ad\"]}}]',9,1),(8,'2024-03-17 13:42:34.188989','2','2015',2,'[{\"changed\": {\"fields\": [\"\\u77f3\\u6cb9\", \"\\u77f3\\u6cb9\"]}}]',9,1),(9,'2024-03-17 13:42:39.798254','1','2010',2,'[{\"changed\": {\"fields\": [\"\\u7164\\u70ad\", \"\\u77f3\\u6cb9\"]}}]',9,1),(10,'2024-03-17 13:42:53.583130','3','2019',2,'[{\"changed\": {\"fields\": [\"\\u77f3\\u6cb9\", \"\\u77f3\\u6cb9\"]}}]',9,1),(11,'2024-03-17 13:43:11.374963','4','2020',2,'[{\"changed\": {\"fields\": [\"\\u77f3\\u6cb9\", \"\\u77f3\\u6cb9\"]}}]',9,1),(12,'2024-03-17 13:43:22.827483','5','2021',2,'[{\"changed\": {\"fields\": [\"\\u77f3\\u6cb9\", \"\\u77f3\\u6cb9\"]}}]',9,1),(13,'2024-03-17 13:44:00.372134','1','2010',2,'[{\"changed\": {\"fields\": [\"\\u7164\\u70ad\", \"\\u7164\\u70ad\"]}}]',9,1),(14,'2024-03-17 13:44:10.028496','2','2015',2,'[{\"changed\": {\"fields\": [\"\\u7164\\u70ad\", \"\\u7164\\u70ad\"]}}]',9,1),(15,'2024-03-17 13:44:18.567364','3','2019',2,'[{\"changed\": {\"fields\": [\"\\u7164\\u70ad\", \"\\u7164\\u70ad\"]}}]',9,1),(16,'2024-03-17 13:44:27.629045','4','2020',2,'[{\"changed\": {\"fields\": [\"\\u7164\\u70ad\", \"\\u7164\\u70ad\"]}}]',9,1),(17,'2024-03-17 13:44:30.856161','4','2020',2,'[]',9,1),(18,'2024-03-17 13:44:41.937279','5','2021',2,'[{\"changed\": {\"fields\": [\"\\u7164\\u70ad\", \"\\u7164\\u70ad\"]}}]',9,1),(19,'2024-03-17 13:45:12.141392','1','2010',2,'[{\"changed\": {\"fields\": [\"\\u7535\\u529b\", \"\\u7535\\u529b\"]}}]',9,1),(20,'2024-03-17 13:45:19.563332','2','2015',2,'[{\"changed\": {\"fields\": [\"\\u7535\\u529b\", \"\\u7535\\u529b\"]}}]',9,1),(21,'2024-03-17 13:45:26.808569','3','2019',2,'[{\"changed\": {\"fields\": [\"\\u7535\\u529b\", \"\\u7535\\u529b\"]}}]',9,1),(22,'2024-03-17 13:45:33.796274','4','2020',2,'[{\"changed\": {\"fields\": [\"\\u7535\\u529b\", \"\\u7535\\u529b\"]}}]',9,1),(23,'2024-03-17 13:45:41.467384','5','2021',2,'[{\"changed\": {\"fields\": [\"\\u7535\\u529b\", \"\\u7535\\u529b\"]}}]',9,1),(24,'2024-03-18 12:40:53.995842','1','2018年发电装机容量',1,'[{\"added\": {}}]',10,1),(25,'2024-03-18 12:57:11.633998','2','2019年发电装机容量',1,'[{\"added\": {}}]',10,1),(26,'2024-03-18 12:57:41.070817','3','2020年发电装机容量',1,'[{\"added\": {}}]',10,1),(27,'2024-03-18 12:58:07.268353','4','2021年发电装机容量',1,'[{\"added\": {}}]',10,1),(28,'2024-03-18 12:58:36.775024','5','2022年发电装机容量',1,'[{\"added\": {}}]',10,1),(29,'2024-03-21 08:48:24.146628','1','2010年 - 能源平衡总和',1,'[{\"added\": {}}]',12,1),(30,'2024-03-21 08:48:38.160007','2','2015年 - 能源平衡总和',1,'[{\"added\": {}}]',12,1),(31,'2024-03-21 08:48:53.924222','3','2019年 - 能源平衡总和',1,'[{\"added\": {}}]',12,1),(32,'2024-03-21 08:49:11.357779','4','2020年 - 能源平衡总和',1,'[{\"added\": {}}]',12,1),(33,'2024-03-21 08:49:24.507928','5','2021年 - 能源平衡总和',1,'[{\"added\": {}}]',12,1),(34,'2024-03-25 19:06:59.277324','6','2018年 - 能源平衡总和',1,'[{\"added\": {}}]',12,1),(35,'2024-03-25 19:07:06.154682','6','2018年 - 能源平衡总和',2,'[{\"changed\": {\"fields\": [\"\\u4e00\\u6b21\\u80fd\\u6e90\\u751f\\u4ea7\\u603b\\u91cf\"]}}]',12,1),(36,'2024-03-25 19:07:10.983185','7','2017年 - 能源平衡总和',1,'[{\"added\": {}}]',12,1),(37,'2024-03-25 19:07:15.823406','7','2017年 - 能源平衡总和',2,'[{\"changed\": {\"fields\": [\"\\u53ef\\u4f9b\\u6d88\\u8d39\\u7684\\u80fd\\u6e90\\u603b\\u91cf\"]}}]',12,1),(38,'2024-03-25 19:10:22.287202','6','2018年 - 能源平衡总和',2,'[{\"changed\": {\"fields\": [\"\\u53ef\\u4f9b\\u6d88\\u8d39\\u7684\\u80fd\\u6e90\\u603b\\u91cf\", \"\\u4e00\\u6b21\\u80fd\\u6e90\\u751f\\u4ea7\\u603b\\u91cf\"]}}]',12,1),(39,'2024-03-25 19:12:20.715886','7','2017年 - 能源平衡总和',2,'[{\"changed\": {\"fields\": [\"\\u53ef\\u4f9b\\u6d88\\u8d39\\u7684\\u80fd\\u6e90\\u603b\\u91cf\", \"\\u4e00\\u6b21\\u80fd\\u6e90\\u751f\\u4ea7\\u603b\\u91cf\"]}}]',12,1),(40,'2024-03-25 19:13:54.696980','5','2021年 - 能源平衡总和',2,'[]',12,1),(41,'2024-03-25 19:13:58.326570','8','2022年 - 能源平衡总和',1,'[{\"added\": {}}]',12,1),(42,'2024-03-25 19:14:09.251530','8','2022年 - 能源平衡总和',2,'[{\"changed\": {\"fields\": [\"\\u4e00\\u6b21\\u80fd\\u6e90\\u751f\\u4ea7\\u603b\\u91cf\"]}}]',12,1),(43,'2024-03-25 19:20:26.227679','8','2022年 - 能源平衡总和',2,'[{\"changed\": {\"fields\": [\"\\u53ef\\u4f9b\\u6d88\\u8d39\\u7684\\u80fd\\u6e90\\u603b\\u91cf\", \"\\u4e00\\u6b21\\u80fd\\u6e90\\u751f\\u4ea7\\u603b\\u91cf\"]}}]',12,1),(44,'2024-03-25 19:21:37.366038','8','2022年 - 能源平衡总和',2,'[{\"changed\": {\"fields\": [\"\\u4e00\\u6b21\\u80fd\\u6e90\\u751f\\u4ea7\\u603b\\u91cf\"]}}]',12,1),(45,'2024-03-25 19:23:15.663947','6','2018年 - 能源平衡总和',2,'[{\"changed\": {\"fields\": [\"\\u4e00\\u6b21\\u80fd\\u6e90\\u751f\\u4ea7\\u603b\\u91cf\"]}}]',12,1),(46,'2024-03-25 19:24:13.227591','5','2021年 - 能源平衡总和',2,'[{\"changed\": {\"fields\": [\"\\u4e00\\u6b21\\u80fd\\u6e90\\u751f\\u4ea7\\u603b\\u91cf\"]}}]',12,1),(47,'2024-03-25 19:24:45.302187','5','2021年 - 能源平衡总和',2,'[{\"changed\": {\"fields\": [\"\\u4e00\\u6b21\\u80fd\\u6e90\\u751f\\u4ea7\\u603b\\u91cf\"]}}]',12,1),(48,'2024-03-25 19:25:03.769833','8','2022年 - 能源平衡总和',2,'[{\"changed\": {\"fields\": [\"\\u4e00\\u6b21\\u80fd\\u6e90\\u751f\\u4ea7\\u603b\\u91cf\"]}}]',12,1),(49,'2024-03-25 19:25:35.222042','8','2022年 - 能源平衡总和',2,'[]',12,1),(50,'2024-03-25 19:25:54.125716','5','2021年 - 能源平衡总和',2,'[{\"changed\": {\"fields\": [\"\\u4e00\\u6b21\\u80fd\\u6e90\\u751f\\u4ea7\\u603b\\u91cf\"]}}]',12,1),(51,'2024-03-25 19:26:43.282263','7','2017年 - 能源平衡总和',2,'[{\"changed\": {\"fields\": [\"\\u4e00\\u6b21\\u80fd\\u6e90\\u751f\\u4ea7\\u603b\\u91cf\"]}}]',12,1),(52,'2024-03-25 20:02:04.166945','1','2000年 - 能源消耗水平',1,'[{\"added\": {}}]',14,1),(53,'2024-03-25 20:02:22.056808','2','2001年 - 能源消耗水平',1,'[{\"added\": {}}]',14,1),(54,'2024-03-25 20:02:40.272588','3','2002年 - 能源消耗水平',1,'[{\"added\": {}}]',14,1),(55,'2024-03-25 20:02:59.072305','4','2003年 - 能源消耗水平',1,'[{\"added\": {}}]',14,1),(56,'2024-03-25 20:03:12.168150','5','2004年 - 能源消耗水平',1,'[{\"added\": {}}]',14,1),(57,'2024-03-25 20:03:36.169105','6','2005年 - 能源消耗水平',1,'[{\"added\": {}}]',14,1),(58,'2024-03-25 20:03:55.273509','7','2006年 - 能源消耗水平',1,'[{\"added\": {}}]',14,1),(59,'2024-03-25 20:04:08.468155','8','2007年 - 能源消耗水平',1,'[{\"added\": {}}]',14,1),(60,'2024-03-25 20:04:26.381455','9','2008年 - 能源消耗水平',1,'[{\"added\": {}}]',14,1),(61,'2024-03-25 20:04:41.856831','10','2009年 - 能源消耗水平',1,'[{\"added\": {}}]',14,1),(62,'2024-03-25 20:05:01.292437','11','2010年 - 能源消耗水平',1,'[{\"added\": {}}]',14,1),(63,'2024-03-25 20:05:24.035463','12','2011年 - 能源消耗水平',1,'[{\"added\": {}}]',14,1),(64,'2024-03-25 20:05:50.683132','13','2012年 - 能源消耗水平',1,'[{\"added\": {}}]',14,1),(65,'2024-03-25 20:06:08.947252','14','2013年 - 能源消耗水平',1,'[{\"added\": {}}]',14,1),(66,'2024-03-25 20:06:40.115976','15','2014年 - 能源消耗水平',1,'[{\"added\": {}}]',14,1),(67,'2024-03-25 20:07:02.383439','16','2015年 - 能源消耗水平',1,'[{\"added\": {}}]',14,1),(68,'2024-03-25 20:07:20.676803','17','2016年 - 能源消耗水平',1,'[{\"added\": {}}]',14,1),(69,'2024-03-25 20:07:42.065258','18','2017年 - 能源消耗水平',1,'[{\"added\": {}}]',14,1),(70,'2024-03-25 20:07:56.851773','19','2018年 - 能源消耗水平',1,'[{\"added\": {}}]',14,1),(71,'2024-03-25 20:08:19.522558','20','2019年 - 能源消耗水平',1,'[{\"added\": {}}]',14,1),(72,'2024-03-25 20:08:39.983064','21','2020年 - 能源消耗水平',1,'[{\"added\": {}}]',14,1),(73,'2024-03-25 20:09:10.851748','22','2021年 - 能源消耗水平',1,'[{\"added\": {}}]',14,1),(74,'2024-03-25 20:09:33.918755','23','2022年 - 能源消耗水平',1,'[{\"added\": {}}]',14,1),(75,'2024-03-25 20:50:08.798804','1','Li',2,'[{\"changed\": {\"fields\": [\"Superuser status\", \"Last login\"]}}]',4,1),(76,'2024-03-25 20:52:23.315820','1','Li',2,'[{\"changed\": {\"fields\": [\"Superuser status\"]}}]',4,2),(77,'2024-03-26 21:42:07.075630','1','安徽 - 2023 - 规模以上企业主要能源产量',1,'[{\"added\": {}}]',15,1),(78,'2024-03-26 21:50:03.098448','1','安徽 - 2023 - 规模以上企业主要能源产量',2,'[{\"changed\": {\"fields\": [\"\\u539f\\u7164\", \"\\u539f\\u6cb9\"]}}]',15,1),(79,'2024-03-26 21:50:14.625351','1','安徽 - 2023 - 规模以上企业主要能源产量',2,'[]',15,1),(80,'2024-03-26 22:09:21.714832','2','安徽 - 2022 - 规模以上企业主要能源产量',1,'[{\"added\": {}}]',15,1),(81,'2024-03-26 22:15:57.352398','2','安徽 - 2022 - 规模以上企业主要能源产量',2,'[]',15,1),(82,'2024-03-27 01:17:15.480061','2','安徽 - 2022 - 规模以上企业主要能源产量',2,'[{\"changed\": {\"fields\": [\"\\u539f\\u6cb9\"]}}]',15,1),(83,'2024-03-27 01:55:00.045736','3','安徽 - 2021 - 规模以上企业主要能源产量',1,'[{\"added\": {}}]',15,1),(84,'2024-03-27 01:57:46.116892','3','安徽 - 2021 - 规模以上企业主要能源产量',2,'[{\"changed\": {\"fields\": [\"\\u706b\\u529b\\u53d1\\u7535\\u91cf\", \"\\u6c34\\u529b\\u53d1\\u7535\\u91cf\", \"\\u98ce\\u529b\\u53d1\\u7535\\u91cf\", \"\\u592a\\u9633\\u80fd\\u53d1\\u7535\\u91cf\", \"\\u6838\\u80fd\\u53d1\\u7535\\u91cf\", \"\\u603b\\u53d1\\u7535\\u91cf\"]}}]',15,1),(85,'2024-03-27 02:01:26.113702','4','安徽 - 2020 - 规模以上企业主要能源产量',1,'[{\"added\": {}}]',15,1),(86,'2024-03-27 02:09:24.892314','5','安徽 - 2019 - 规模以上企业主要能源产量',1,'[{\"added\": {}}]',15,1),(87,'2024-03-27 02:11:17.775549','6','安徽 - 2018 - 规模以上企业主要能源产量',1,'[{\"added\": {}}]',15,1),(88,'2024-03-27 22:14:05.216885','1','淮南市 - 2024-03-27 22:14:05.215886 - 潘集发电 - 故障信息',1,'[{\"added\": {}}]',16,1),(89,'2024-03-27 22:15:31.477383','1','淮南市 - 2024-03-27 22:15:31.477383 - 潘集发电',1,'[{\"added\": {}}]',17,1),(90,'2024-03-27 22:16:52.962466','2','合肥市 - 皖能电力 - 2024-03-27 22:16:52.962466',1,'[{\"added\": {}}]',17,1),(91,'2024-03-27 22:19:19.733705','3','安庆市 - 中节股份 - 2024-03-27 22:19:19.733705',1,'[{\"added\": {}}]',17,1),(92,'2024-03-27 22:21:42.253293','4','马鞍山市 - 马鞍山经纬回转支承 - 2024-03-27 22:21:42.253293',1,'[{\"added\": {}}]',17,1),(93,'2024-03-27 22:22:09.493367','5','合肥市 - 阳光电源 - 2024-03-27 22:22:09.492367',1,'[{\"added\": {}}]',17,1),(94,'2024-03-27 22:23:20.424792','6','合肥市 - 森永新能源 - 2024-03-27 22:23:20.423792',1,'[{\"added\": {}}]',17,1),(95,'2024-03-28 20:15:00.912889','3','user',1,'[{\"added\": {}}]',4,1),(96,'2024-03-28 20:15:18.174194','3','user',2,'[]',4,1),(97,'2024-03-28 21:15:12.772778','1','淮南市 - 潘集发电',1,'[{\"added\": {}}]',16,1),(98,'2024-03-28 21:15:17.332104','1','淮南市 - 潘集发电',3,'',16,1),(99,'2024-03-28 21:40:10.839196','1','2000年 - 新能源结构及趋势',1,'[{\"added\": {}}]',22,1),(100,'2024-03-28 21:40:26.317036','2','2022年 - 新能源结构及趋势',1,'[{\"added\": {}}]',22,1),(101,'2024-03-28 21:41:12.894353','1','2022年 - 新能源结构及趋势',2,'[{\"changed\": {\"fields\": [\"\\u5e74\\u4efd\"]}}]',22,1),(102,'2024-03-28 21:41:20.886089','3','2022年 - 新能源结构及趋势',1,'[{\"added\": {}}]',22,1),(103,'2024-03-28 21:42:44.008361','4','2022年 - 新能源结构及趋势',1,'[{\"added\": {}}]',22,1),(104,'2024-03-28 21:43:14.006027','5','2021年 - 新能源结构及趋势',1,'[{\"added\": {}}]',22,1),(105,'2024-03-28 21:43:21.051541','6','2021年 - 新能源结构及趋势',1,'[{\"added\": {}}]',22,1),(106,'2024-03-28 21:43:31.590746','7','2021年 - 新能源结构及趋势',1,'[{\"added\": {}}]',22,1),(107,'2024-03-28 21:43:42.350988','8','2021年 - 新能源结构及趋势',1,'[{\"added\": {}}]',22,1),(108,'2024-03-28 21:44:06.332078','9','2020年 - 新能源结构及趋势',1,'[{\"added\": {}}]',22,1),(109,'2024-03-28 21:44:14.055109','10','2020年 - 新能源结构及趋势',1,'[{\"added\": {}}]',22,1),(110,'2024-03-28 21:44:23.096686','11','2020年 - 新能源结构及趋势',1,'[{\"added\": {}}]',22,1),(111,'2024-03-28 21:44:31.429035','12','2020年 - 新能源结构及趋势',1,'[{\"added\": {}}]',22,1),(112,'2024-03-28 21:45:05.526991','13','2019年 - 新能源结构及趋势',1,'[{\"added\": {}}]',22,1),(113,'2024-03-28 21:45:16.655842','14','2019年 - 新能源结构及趋势',1,'[{\"added\": {}}]',22,1),(114,'2024-03-28 21:45:25.850615','15','2019年 - 新能源结构及趋势',1,'[{\"added\": {}}]',22,1),(115,'2024-03-28 21:45:37.303489','16','2019年 - 新能源结构及趋势',1,'[{\"added\": {}}]',22,1),(116,'2024-03-28 21:45:45.215137','15','2019年 - 新能源结构及趋势',2,'[{\"changed\": {\"fields\": [\"\\u4ea7\\u91cf\"]}}]',22,1),(117,'2024-03-28 21:45:54.953367','7','2021年 - 新能源结构及趋势',2,'[{\"changed\": {\"fields\": [\"\\u4ea7\\u91cf\"]}}]',22,1),(118,'2024-03-28 21:45:59.198169','3','2022年 - 新能源结构及趋势',2,'[{\"changed\": {\"fields\": [\"\\u4ea7\\u91cf\"]}}]',22,1),(119,'2024-03-28 21:46:47.092785','17','2018年 - 新能源结构及趋势',1,'[{\"added\": {}}]',22,1),(120,'2024-03-28 21:46:57.296033','18','2018年 - 新能源结构及趋势',1,'[{\"added\": {}}]',22,1),(121,'2024-03-28 21:47:13.162727','19','2018年 - 新能源结构及趋势',1,'[{\"added\": {}}]',22,1),(122,'2024-03-28 21:47:23.311043','20','2018年 - 新能源结构及趋势',1,'[{\"added\": {}}]',22,1),(123,'2024-03-28 21:47:52.230746','21','2017年 - 新能源结构及趋势',1,'[{\"added\": {}}]',22,1),(124,'2024-03-28 21:47:54.166996','22','2000年 - 新能源结构及趋势',1,'[{\"added\": {}}]',22,1),(125,'2024-03-28 21:48:02.285660','22','2017年 - 新能源结构及趋势',2,'[{\"changed\": {\"fields\": [\"\\u5e74\\u4efd\", \"\\u80fd\\u6e90\\u7c7b\\u578b\"]}}]',22,1),(126,'2024-03-28 21:48:09.444937','22','2017年 - 新能源结构及趋势',3,'',22,1),(127,'2024-03-28 21:48:18.420259','23','2017年 - 新能源结构及趋势',1,'[{\"added\": {}}]',22,1),(128,'2024-03-28 21:48:24.553211','24','2017年 - 新能源结构及趋势',1,'[{\"added\": {}}]',22,1),(129,'2024-03-28 21:48:32.281613','25','2017年 - 新能源结构及趋势',1,'[{\"added\": {}}]',22,1),(130,'2024-03-29 12:42:49.428309','25','2017年 - 新能源结构及趋势',2,'[{\"changed\": {\"fields\": [\"\\u80fd\\u6e90\\u7c7b\\u578b\", \"\\u4ea7\\u91cf\"]}}]',22,1),(131,'2024-03-29 13:35:48.438258','1','2000年 - 全国市场交易及投资建设',1,'[{\"added\": {}}]',23,1),(132,'2024-03-29 13:35:57.071518','1','2023年 - 全国市场交易及投资建设',2,'[{\"changed\": {\"fields\": [\"\\u5e74\\u4efd\"]}}]',23,1),(133,'2024-03-29 16:25:02.376236','1','2022年 - 全国市场交易及投资建设',2,'[{\"changed\": {\"fields\": [\"\\u5e74\\u4efd\", \"\\u80fd\\u6e90\\u91cd\\u70b9\\u9879\\u76ee\\u6295\\u8d44\", \"\\u6295\\u8fd0\\u65b0\\u578b\\u50a8\\u80fd\\u9879\\u76ee\\u7d2f\\u8ba1\\u88c5\\u673a\\u89c4\\u6a21\", \"\\u6295\\u8fd0\\u65b0\\u578b\\u50a8\\u80fd\\u9879\\u76ee\\u7d2f\\u8ba1\\u88c5\\u673a\\u89c4\\u6a21\", \"\\u7535\\u529b\\u5e02\\u573a\\u4ea4\\u6613\\u7535\\u91cf\"]}}]',23,1),(134,'2024-03-29 16:26:47.421354','2','2023年 - 全国市场交易及投资建设',1,'[{\"added\": {}}]',23,1),(135,'2024-03-29 17:34:26.739709','1','2022年 - 全国能源开发与需求',1,'[{\"added\": {}}]',24,1),(136,'2024-03-29 17:47:46.551491','1','2022年 - 全国能源开发与需求',2,'[{\"changed\": {\"fields\": [\"\\u534e\\u5317\", \"\\u4e1c\\u5317\", \"\\u534e\\u4e1c\", \"\\u4e2d\\u5357\", \"\\u897f\\u5357\", \"\\u897f\\u5317\"]}}]',24,1),(137,'2024-03-29 17:59:59.556374','1','2023年 - 全国能源开发与需求',2,'[{\"changed\": {\"fields\": [\"\\u5e74\\u4efd\", \"\\u534e\\u5317\", \"\\u4e1c\\u5317\", \"\\u534e\\u4e1c\", \"\\u4e2d\\u5357\", \"\\u897f\\u5357\", \"\\u897f\\u5317\", \"\\u534e\\u5317\", \"\\u4e1c\\u5317\", \"\\u534e\\u4e1c\", \"\\u4e2d\\u5357\", \"\\u897f\\u5357\", \"\\u897f\\u5317\"]}}]',24,1),(138,'2024-03-29 18:00:47.585029','2','2022年 - 全国能源开发与需求',1,'[{\"added\": {}}]',24,1),(139,'2024-03-29 18:16:32.654222','2','2022年 - 全国能源开发与需求',2,'[]',24,1),(140,'2024-03-29 19:03:10.756935','2','2023年 - 全国市场交易及投资建设',2,'[{\"changed\": {\"fields\": [\"\\u7164\\u5c42\\u6c14\\u4ea7\\u91cf\"]}}]',23,1),(141,'2024-03-29 19:03:37.597430','1','2022年 - 全国市场交易及投资建设',2,'[{\"changed\": {\"fields\": [\"\\u7164\\u5c42\\u6c14\\u4ea7\\u91cf\"]}}]',23,1),(142,'2024-03-29 19:32:40.507760','1','2023年 - 全国能源储量统计',1,'[{\"added\": {}}]',25,1),(143,'2024-03-29 19:33:10.799470','2','2023年 - 全国能源储量统计',1,'[{\"added\": {}}]',25,1),(144,'2024-03-29 19:33:16.331381','2','2023年 - 全国能源储量统计',2,'[{\"changed\": {\"fields\": [\"\\u5730\\u70ed\"]}}]',25,1),(145,'2024-03-29 19:40:40.598477','2','2023年 - 全国 - 能源储量统计',2,'[{\"changed\": {\"fields\": [\"\\u5730\\u70ed\"]}}]',25,1),(146,'2024-03-29 19:40:45.456451','1','2023年 - 全球 - 能源储量统计',2,'[{\"changed\": {\"fields\": [\"\\u5730\\u70ed\"]}}]',25,1),(147,'2024-03-29 19:41:26.822419','2','2023年 - 全国 - 能源储量统计',2,'[{\"changed\": {\"fields\": [\"\\u592a\\u9633\\u80fd\"]}}]',25,1),(148,'2024-03-29 19:43:38.802641','2','2023年 - 全国 - 能源储量统计',2,'[{\"changed\": {\"fields\": [\"\\u98ce\\u80fd\"]}}]',25,1),(149,'2024-03-29 19:44:04.039203','1','2023年 - 全球 - 能源储量统计',2,'[{\"changed\": {\"fields\": [\"\\u592a\\u9633\\u80fd\"]}}]',25,1),(150,'2024-03-29 19:46:20.556721','2','2023年 - 全国 - 能源储量统计',2,'[]',25,1),(151,'2024-03-29 19:49:49.769462','1','2023年 - 全球 - 能源储量统计',2,'[{\"changed\": {\"fields\": [\"\\u7164\\u70ad\"]}}]',25,1),(152,'2024-03-29 19:50:11.417866','2','2023年 - 全国 - 能源储量统计',2,'[{\"changed\": {\"fields\": [\"\\u7164\\u70ad\"]}}]',25,1),(153,'2024-03-29 20:10:25.889422','1','2023年 - 全球 - 能源储量统计',2,'[{\"changed\": {\"fields\": [\"\\u7164\\u70ad\", \"\\u77f3\\u6cb9\", \"\\u5929\\u7136\\u6c14\", \"\\u98ce\\u80fd\", \"\\u592a\\u9633\\u80fd\"]}}]',25,1),(154,'2024-03-29 20:10:30.255940','2','2023年 - 全国 - 能源储量统计',2,'[{\"changed\": {\"fields\": [\"\\u7164\\u70ad\", \"\\u77f3\\u6cb9\", \"\\u5929\\u7136\\u6c14\", \"\\u98ce\\u80fd\", \"\\u592a\\u9633\\u80fd\"]}}]',25,1),(155,'2024-03-29 20:11:03.274458','2','2023年 - 全国 - 能源储量统计',2,'[{\"changed\": {\"fields\": [\"\\u592a\\u9633\\u80fd\"]}}]',25,1),(156,'2024-03-29 20:11:24.564515','1','2023年 - 全球 - 能源储量统计',2,'[]',25,1),(157,'2024-03-29 20:47:08.745313','3','user',3,'',4,1),(158,'2024-03-29 20:48:06.327182','1','admin_group',1,'[{\"added\": {}}]',3,1),(159,'2024-03-29 20:48:20.726395','1','Li',2,'[{\"changed\": {\"fields\": [\"Groups\", \"Last login\"]}}]',4,1),(160,'2024-03-29 20:48:29.354330','2','admin',2,'[{\"changed\": {\"fields\": [\"Groups\", \"Last login\"]}}]',4,1),(161,'2024-03-29 21:25:08.954720','1','安徽省 - 合肥市 - 能源发展情况',1,'[{\"added\": {}}]',26,1),(162,'2024-03-29 21:25:51.142936','2','安徽省 - 芜湖市 - 能源发展情况',1,'[{\"added\": {}}]',26,1),(163,'2024-03-29 21:26:20.754355','3','安徽省 - 马鞍山市市 - 能源发展情况',1,'[{\"added\": {}}]',26,1),(164,'2024-03-29 21:27:05.967433','4','安徽省 - 铜陵市 - 能源发展情况',1,'[{\"added\": {}}]',26,1),(165,'2024-03-29 21:27:09.691426','3','安徽省 - 马鞍山市 - 能源发展情况',2,'[{\"changed\": {\"fields\": [\"\\u5e02\\u7ea7\"]}}]',26,1),(166,'2024-03-29 21:27:54.936366','5','安徽省 - 滁州市市 - 能源发展情况',1,'[{\"added\": {}}]',26,1),(167,'2024-03-29 21:28:16.931038','6','安徽省 - 黄山市市 - 能源发展情况',1,'[{\"added\": {}}]',26,1),(168,'2024-03-29 21:28:45.287140','7','安徽省 - 阜阳市 - 能源发展情况',1,'[{\"added\": {}}]',26,1),(169,'2024-03-29 21:29:04.269222','8','安徽省 - 淮南市 - 能源发展情况',1,'[{\"added\": {}}]',26,1),(170,'2024-03-29 21:29:21.107720','9','安徽省 - 安庆市 - 能源发展情况',1,'[{\"added\": {}}]',26,1),(171,'2024-03-29 21:29:41.380029','10','安徽省 - 池州市 - 能源发展情况',1,'[{\"added\": {}}]',26,1),(172,'2024-03-29 21:30:05.891023','11','安徽省 - 六安市 - 能源发展情况',1,'[{\"added\": {}}]',26,1),(173,'2024-03-29 21:30:24.578502','12','安徽省 - 蚌埠市 - 能源发展情况',1,'[{\"added\": {}}]',26,1),(174,'2024-03-29 21:30:58.929286','13','安徽省 - 宣城市 - 能源发展情况',1,'[{\"added\": {}}]',26,1),(175,'2024-03-29 21:34:01.500173','14','安徽省 - 亳州市 - 能源发展情况',1,'[{\"added\": {}}]',26,1),(176,'2024-03-29 21:34:25.086114','15','安徽省 - 宿州市 - 能源发展情况',1,'[{\"added\": {}}]',26,1),(177,'2024-03-29 21:34:42.214729','16','安徽省 - 淮北市 - 能源发展情况',1,'[{\"added\": {}}]',26,1),(178,'2024-03-29 21:37:03.007500','16','安徽省 - 淮北市 - 能源发展情况',2,'[{\"changed\": {\"fields\": [\"\\u6570\\u503c\"]}}]',26,1),(179,'2024-03-29 21:37:06.346817','15','安徽省 - 宿州市 - 能源发展情况',2,'[{\"changed\": {\"fields\": [\"\\u6570\\u503c\"]}}]',26,1),(180,'2024-03-29 21:37:09.471032','14','安徽省 - 亳州市 - 能源发展情况',2,'[{\"changed\": {\"fields\": [\"\\u6570\\u503c\"]}}]',26,1),(181,'2024-03-29 21:37:12.414879','13','安徽省 - 宣城市 - 能源发展情况',2,'[{\"changed\": {\"fields\": [\"\\u6570\\u503c\"]}}]',26,1),(182,'2024-03-29 21:37:15.565700','12','安徽省 - 蚌埠市 - 能源发展情况',2,'[{\"changed\": {\"fields\": [\"\\u6570\\u503c\"]}}]',26,1),(183,'2024-03-29 21:37:18.892904','12','安徽省 - 蚌埠市 - 能源发展情况',2,'[]',26,1),(184,'2024-03-29 21:37:21.648830','11','安徽省 - 六安市 - 能源发展情况',2,'[{\"changed\": {\"fields\": [\"\\u6570\\u503c\"]}}]',26,1),(185,'2024-03-29 21:37:24.809971','10','安徽省 - 池州市 - 能源发展情况',2,'[{\"changed\": {\"fields\": [\"\\u6570\\u503c\"]}}]',26,1),(186,'2024-03-29 21:37:27.866797','8','安徽省 - 淮南市 - 能源发展情况',2,'[{\"changed\": {\"fields\": [\"\\u6570\\u503c\"]}}]',26,1),(187,'2024-03-29 21:37:30.696024','8','安徽省 - 淮南市 - 能源发展情况',2,'[]',26,1),(188,'2024-03-29 21:37:33.563597','7','安徽省 - 阜阳市 - 能源发展情况',2,'[{\"changed\": {\"fields\": [\"\\u6570\\u503c\"]}}]',26,1),(189,'2024-03-29 21:37:37.311122','7','安徽省 - 阜阳市 - 能源发展情况',2,'[{\"changed\": {\"fields\": [\"\\u6570\\u503c\"]}}]',26,1),(190,'2024-03-29 21:37:42.244913','6','安徽省 - 黄山市 - 能源发展情况',2,'[{\"changed\": {\"fields\": [\"\\u5e02\\u7ea7\", \"\\u6570\\u503c\"]}}]',26,1),(191,'2024-03-29 21:37:46.813755','5','安徽省 - 滁州市 - 能源发展情况',2,'[{\"changed\": {\"fields\": [\"\\u5e02\\u7ea7\", \"\\u6570\\u503c\"]}}]',26,1),(192,'2024-03-29 21:37:51.234906','4','安徽省 - 铜陵市 - 能源发展情况',2,'[]',26,1),(193,'2024-03-29 21:37:57.298937','2','安徽省 - 芜湖市 - 能源发展情况',2,'[{\"changed\": {\"fields\": [\"\\u6570\\u503c\"]}}]',26,1),(194,'2024-03-29 21:38:00.953567','2','安徽省 - 芜湖市 - 能源发展情况',2,'[{\"changed\": {\"fields\": [\"\\u6570\\u503c\"]}}]',26,1),(195,'2024-03-29 21:38:04.662429','3','安徽省 - 马鞍山市 - 能源发展情况',2,'[{\"changed\": {\"fields\": [\"\\u6570\\u503c\"]}}]',26,1),(196,'2024-03-29 21:38:09.482456','16','安徽省 - 淮北市 - 能源发展情况',2,'[]',26,1);
/*!40000 ALTER TABLE `django_admin_log` ENABLE KEYS */;
UNLOCK TABLES;

--
-- Table structure for table `django_content_type`
--

DROP TABLE IF EXISTS `django_content_type`;
/*!40101 SET @saved_cs_client     = @@character_set_client */;
/*!50503 SET character_set_client = utf8mb4 */;
CREATE TABLE `django_content_type` (
  `id` int NOT NULL AUTO_INCREMENT,
  `app_label` varchar(100) NOT NULL,
  `model` varchar(100) NOT NULL,
  PRIMARY KEY (`id`),
  UNIQUE KEY `django_content_type_app_label_model_76bd3d3b_uniq` (`app_label`,`model`)
) ENGINE=InnoDB AUTO_INCREMENT=28 DEFAULT CHARSET=utf8mb4 COLLATE=utf8mb4_0900_ai_ci;
/*!40101 SET character_set_client = @saved_cs_client */;

--
-- Dumping data for table `django_content_type`
--

LOCK TABLES `django_content_type` WRITE;
/*!40000 ALTER TABLE `django_content_type` DISABLE KEYS */;
INSERT INTO `django_content_type` VALUES (1,'admin','logentry'),(26,'analyse','heatmapmodel'),(3,'auth','group'),(2,'auth','permission'),(4,'auth','user'),(5,'contenttypes','contenttype'),(27,'limited','newenergymodel'),(16,'renew','electricfieldfaultmodel'),(17,'renew','electricfieldmodel'),(15,'renew','mainenergyproductionmodel'),(6,'sessions','session'),(18,'silk','profile'),(19,'silk','request'),(20,'silk','response'),(21,'silk','sqlquery'),(13,'SuYuanApplication','apirequest'),(14,'SuYuanApplication','energyconsumptionmodel'),(24,'SuYuanApplication','energydevelopanddemandmodel'),(9,'SuYuanApplication','energyimportandexportmodel'),(12,'SuYuanApplication','energyproductionandinventorymodel'),(25,'SuYuanApplication','energyreservemodel'),(23,'SuYuanApplication','marketinvestmentmodel'),(7,'SuYuanApplication','mineraldevelopmentmodel'),(11,'SuYuanApplication','nationalenergyproductionandinventory'),(22,'SuYuanApplication','newenergymodel'),(10,'SuYuanApplication','powergenerationinstalledcapacitymodel'),(8,'SuYuanApplication','regionalresourcefacilitiesmodel');
/*!40000 ALTER TABLE `django_content_type` ENABLE KEYS */;
UNLOCK TABLES;

--
-- Table structure for table `django_migrations`
--

DROP TABLE IF EXISTS `django_migrations`;
/*!40101 SET @saved_cs_client     = @@character_set_client */;
/*!50503 SET character_set_client = utf8mb4 */;
CREATE TABLE `django_migrations` (
  `id` bigint NOT NULL AUTO_INCREMENT,
  `app` varchar(255) NOT NULL,
  `name` varchar(255) NOT NULL,
  `applied` datetime(6) NOT NULL,
  PRIMARY KEY (`id`)
) ENGINE=InnoDB AUTO_INCREMENT=79 DEFAULT CHARSET=utf8mb4 COLLATE=utf8mb4_0900_ai_ci;
/*!40101 SET character_set_client = @saved_cs_client */;

--
-- Dumping data for table `django_migrations`
--

LOCK TABLES `django_migrations` WRITE;
/*!40000 ALTER TABLE `django_migrations` DISABLE KEYS */;
INSERT INTO `django_migrations` VALUES (1,'SuYuanApplication','0001_initial','2024-03-17 13:18:28.880800'),(2,'SuYuanApplication','0002_nationalenergyimportandexportmodel_delete_filemodel_and_more','2024-03-17 13:18:29.029798'),(3,'contenttypes','0001_initial','2024-03-17 13:18:29.091799'),(4,'auth','0001_initial','2024-03-17 13:18:30.138797'),(5,'admin','0001_initial','2024-03-17 13:18:30.398799'),(6,'admin','0002_logentry_remove_auto_add','2024-03-17 13:18:30.414799'),(7,'admin','0003_logentry_add_action_flag_choices','2024-03-17 13:18:30.422797'),(8,'contenttypes','0002_remove_content_type_name','2024-03-17 13:18:30.532800'),(9,'auth','0002_alter_permission_name_max_length','2024-03-17 13:18:30.642798'),(10,'auth','0003_alter_user_email_max_length','2024-03-17 13:18:30.668797'),(11,'auth','0004_alter_user_username_opts','2024-03-17 13:18:30.676797'),(12,'auth','0005_alter_user_last_login_null','2024-03-17 13:18:30.757797'),(13,'auth','0006_require_contenttypes_0002','2024-03-17 13:18:30.761797'),(14,'auth','0007_alter_validators_add_error_messages','2024-03-17 13:18:30.776799'),(15,'auth','0008_alter_user_username_max_length','2024-03-17 13:18:30.859797'),(16,'auth','0009_alter_user_last_name_max_length','2024-03-17 13:18:30.981797'),(17,'auth','0010_alter_group_name_max_length','2024-03-17 13:18:31.005797'),(18,'auth','0011_update_proxy_permissions','2024-03-17 13:18:31.015797'),(19,'auth','0012_alter_user_first_name_max_length','2024-03-17 13:18:31.109797'),(20,'sessions','0001_initial','2024-03-17 13:18:31.167797'),(21,'SuYuanApplication','0003_nationalenergyimportandexportmodel_coal_and_more','2024-03-17 13:30:41.729781'),(22,'SuYuanApplication','0004_alter_nationalenergyimportandexportmodel_options_and_more','2024-03-17 13:37:17.563232'),(23,'SuYuanApplication','0005_nationalenergyimportandexportmodel_all_e_and_more','2024-03-17 13:39:48.486421'),(24,'SuYuanApplication','0006_alter_nationalenergyimportandexportmodel_all_i','2024-03-17 13:40:01.454859'),(25,'SuYuanApplication','0007_nationalpowergenerationinstalledcapacitymodel_and_more','2024-03-18 12:29:22.531936'),(26,'SuYuanApplication','0008_nationalenergyproductionandinventory','2024-03-21 08:11:03.634106'),(27,'SuYuanApplication','0009_nationalenergyproductionandinventorymodel_and_more','2024-03-21 08:30:40.213855'),(28,'SuYuanApplication','0010_remove_nationalenergyproductionandinventorymodel_thermal_power_and_more','2024-03-21 08:39:50.464827'),(29,'SuYuanApplication','0011_alter_mineraldevelopmentmodel_year_and_more','2024-03-21 08:40:53.150116'),(30,'SuYuanApplication','0012_rename_nationalenergyimportandexportmodel_energyimportandexportmodel_and_more','2024-03-21 08:43:56.034795'),(31,'SuYuanApplication','0013_apirequest','2024-03-24 12:13:39.013309'),(32,'SuYuanApplication','0014_alter_apirequest_request_time','2024-03-25 05:20:33.666214'),(33,'SuYuanApplication','0015_energyimportandexportmodel_created_at_and_more','2024-03-25 15:52:25.449512'),(34,'SuYuanApplication','0016_rename_request_time_apirequest_created_at','2024-03-25 15:53:22.335181'),(35,'SuYuanApplication','0017_rename_created_at_apirequest_request_time','2024-03-25 15:59:45.054387'),(36,'SuYuanApplication','0002_energyconsumptionmodel','2024-03-25 19:57:24.527435'),(37,'SuYuanApplication','0003_energyconsumptionmodel_power_and_other','2024-03-25 20:00:48.707356'),(38,'SuYuanApplication','0004_rename_total_energy_available_for_consumption_energyconsumptionmodel_total_energy_consumption','2024-03-25 20:21:52.112807'),(39,'renew','0001_initial','2024-03-26 18:54:41.818881'),(40,'renew','0002_rename_mainenergyproduction_mainenergyproductionmodel','2024-03-26 18:55:31.540763'),(41,'renew','0003_alter_mainenergyproductionmodel_options_and_more','2024-03-26 21:39:31.590701'),(42,'SuYuanApplication','0005_alter_mineraldevelopmentmodel_region_and_more','2024-03-27 22:01:40.906573'),(43,'renew','0002_electricfieldmodel_delete_electricfieldfaultmodel','2024-03-27 22:15:15.862710'),(44,'renew','0003_alter_electricfieldmodel_station_type','2024-03-27 22:16:35.284154'),(45,'renew','0004_alter_electricfieldmodel_created_at_and_more','2024-03-28 19:17:47.474184'),(46,'renew','0005_alter_electricfieldfaultmodel_send_time','2024-03-28 19:32:54.936664'),(47,'renew','0006_alter_electricfieldfaultmodel_options_and_more','2024-03-28 19:49:50.956215'),(48,'silk','0001_initial','2024-03-28 19:49:51.874110'),(49,'silk','0002_auto_update_uuid4_id_field','2024-03-28 19:49:51.882644'),(50,'silk','0003_request_prof_file','2024-03-28 19:49:51.930648'),(51,'silk','0004_request_prof_file_storage','2024-03-28 19:49:51.939648'),(52,'silk','0005_increase_request_prof_file_length','2024-03-28 19:49:51.971646'),(53,'silk','0006_fix_request_prof_file_blank','2024-03-28 19:49:52.149646'),(54,'silk','0007_sqlquery_identifier','2024-03-28 19:49:52.223155'),(55,'silk','0008_sqlquery_analysis','2024-03-28 19:49:52.277983'),(56,'SuYuanApplication','0006_new_energymodel','2024-03-28 21:11:20.884115'),(57,'SuYuanApplication','0007_alter_new_energymodel_energy_type','2024-03-28 21:39:36.272056'),(58,'SuYuanApplication','0008_alter_new_energymodel_energy_type_and_more','2024-03-28 21:40:08.740630'),(59,'SuYuanApplication','0009_alter_new_energymodel_year','2024-03-28 21:41:07.615556'),(60,'SuYuanApplication','0010_alter_new_energymodel_energy_type','2024-03-28 21:42:28.519737'),(61,'SuYuanApplication','0011_rename_new_energymodel_newenergymodel','2024-03-28 21:59:03.278491'),(62,'SuYuanApplication','0002_marketinvestmentmodel','2024-03-29 13:34:02.210773'),(63,'SuYuanApplication','0003_energydevelopanddemandmodel_energyreservemodel','2024-03-29 16:44:26.070620'),(64,'SuYuanApplication','0004_energydevelopanddemandmodel_central_south_dm_and_more','2024-03-29 17:03:35.868981'),(65,'SuYuanApplication','0005_marketinvestmentmodel_coal_methane_and_more','2024-03-29 19:02:48.081284'),(66,'SuYuanApplication','0006_energyreservemodel_coal_and_more','2024-03-29 19:21:56.691349'),(67,'SuYuanApplication','0007_alter_energyreservemodel_geothermal','2024-03-29 19:32:38.786831'),(68,'SuYuanApplication','0008_alter_energyreservemodel_coal_and_more','2024-03-29 19:41:25.286773'),(69,'SuYuanApplication','0009_alter_energyreservemodel_coal','2024-03-29 19:48:19.211434'),(70,'SuYuanApplication','0010_alter_energyreservemodel_coal','2024-03-29 19:54:43.245739'),(71,'SuYuanApplication','0011_alter_energyreservemodel_petroleum','2024-03-29 19:56:57.141237'),(72,'SuYuanApplication','0012_alter_energyreservemodel_natural_gas','2024-03-29 20:00:04.116900'),(73,'SuYuanApplication','0013_alter_energyreservemodel_wind','2024-03-29 20:03:18.928619'),(74,'SuYuanApplication','0014_alter_energyreservemodel_sun','2024-03-29 21:03:40.630744'),(75,'analyse','0001_initial','2024-03-29 21:03:40.686786'),(76,'limited','0001_initial','2024-03-29 21:09:41.158110'),(77,'analyse','0002_heatmapmodel_province_alter_heatmapmodel_name','2024-03-29 21:16:39.461921'),(78,'analyse','0003_alter_heatmapmodel_options','2024-03-29 22:07:24.999429');
/*!40000 ALTER TABLE `django_migrations` ENABLE KEYS */;
UNLOCK TABLES;

--
-- Table structure for table `django_session`
--

DROP TABLE IF EXISTS `django_session`;
/*!40101 SET @saved_cs_client     = @@character_set_client */;
/*!50503 SET character_set_client = utf8mb4 */;
CREATE TABLE `django_session` (
  `session_key` varchar(40) NOT NULL,
  `session_data` longtext NOT NULL,
  `expire_date` datetime(6) NOT NULL,
  PRIMARY KEY (`session_key`),
  KEY `django_session_expire_date_a5c62663` (`expire_date`)
) ENGINE=InnoDB DEFAULT CHARSET=utf8mb4 COLLATE=utf8mb4_0900_ai_ci;
/*!40101 SET character_set_client = @saved_cs_client */;

--
-- Dumping data for table `django_session`
--

LOCK TABLES `django_session` WRITE;
/*!40000 ALTER TABLE `django_session` DISABLE KEYS */;
INSERT INTO `django_session` VALUES ('1icc8xkg6jnrdwicfbuutt3c5zsy18kl','.eJxVjDsOwyAQRO9CHSGw-KZMnzOghWWDkwgkY1dW7h4juUiqkWbevJ0F2NYStp6XMCO7Mskuv12E9Mp1DPiE-mg8tbouc-QD4efa-b1hft9O9k9QoJfjTUJbTCgFOaPRT2BIoU82SSFR6UOkSGorZI4EZoSzzpPTHiBNFNnnC_QHOJI:1rpp3F:bLEQks4dBVd1g9_tmLIrsy9-ssYsWdDp0O3wfmOHg84','2024-04-11 20:40:13.305786'),('2k7o5jy5pks5nf25vxeta3f445m7he80','.eJxVjDsOwjAQRO_iGln-LcGU9DmDtfaucQDZUpxUiLuTSCmgG817M28RcF1KWDvPYSJxFUacfruI6cl1B_TAem8ytbrMU5S7Ig_a5diIX7fD_Tso2Mu2TvaibOaz1y4m0JiNJZc9ZE3WKCZw1mmDPGRPHr2HYcvaKIiKmS2Izxfg5TfT:1rohSU:FJ-RpsLHpqLWz3okTIY64QPpZqvHWznq9AKbhnJa3aw','2024-04-08 18:21:38.705475'),('a17ufvtykgvoy547uuz1b11iybwrnxex','.eJxVjDsOwyAQRO9CHSGw-KZMnzOghWWDkwgkY1dW7h4juUiqkWbevJ0F2NYStp6XMCO7Mskuv12E9Mp1DPiE-mg8tbouc-QD4efa-b1hft9O9k9QoJfjTUJbTCgFOaPRT2BIoU82SSFR6UOkSGorZI4EZoSzzpPTHiBNFNnnC_QHOJI:1rppAR:e7XY2-rcdczGuUNFbTUoQQ8_YSVxj-ZZHfFvifVgtw4','2024-04-11 20:47:39.803771'),('j55sweqvve7x2re5csvuv58ogjae0i6b','.eJxVjDsOwyAQRO9CHSGw-KZMnzOghWWDkwgkY1dW7h4juUiqkWbevJ0F2NYStp6XMCO7Mskuv12E9Mp1DPiE-mg8tbouc-QD4efa-b1hft9O9k9QoJfjTUJbTCgFOaPRT2BIoU82SSFR6UOkSGorZI4EZoSzzpPTHiBNFNnnC_QHOJI:1rohVu:RlMreOOTMtW7hzoJVjPQqBojX_qhBwXKGfnHTZtPNVI','2024-04-08 18:25:10.945841'),('nc6mvz7cv5x1qcdpaqvl6u5mo1voahog','.eJxVjDsOwyAQRO9CHSGw-KZMnzOghWWDkwgkY1dW7h4juUiqkWbevJ0F2NYStp6XMCO7Mskuv12E9Mp1DPiE-mg8tbouc-QD4efa-b1hft9O9k9QoJfjTUJbTCgFOaPRT2BIoU82SSFR6UOkSGorZI4EZoSzzpPTHiBNFNnnC_QHOJI:1rojo0:zdHCPxjg4MWIpWaGb3cho_ZSVpsY0LED4zBkZF-MMh0','2024-04-08 20:52:00.843228'),('r0v4xjgcutoa8km5x2c7juoesroj7a1j','.eJxVjDsOwyAQRO9CHSGw-KZMnzOghWWDkwgkY1dW7h4juUiqkWbevJ0F2NYStp6XMCO7Mskuv12E9Mp1DPiE-mg8tbouc-QD4efa-b1hft9O9k9QoJfjTUJbTCgFOaPRT2BIoU82SSFR6UOkSGorZI4EZoSzzpPTHiBNFNnnC_QHOJI:1rp8be:AkLCPYkcqnEOf7xCEKTzDnYmI6W7vaX75jCrr6BVt7k','2024-04-09 23:20:54.701618'),('tily80h5utw3h3t9ymj40e51zdbfm7sw','.eJxVjDsOwyAQRO9CHSGw-KZMnzOghWWDkwgkY1dW7h4juUiqkWbevJ0F2NYStp6XMCO7Mskuv12E9Mp1DPiE-mg8tbouc-QD4efa-b1hft9O9k9QoJfjTUJbTCgFOaPRT2BIoU82SSFR6UOkSGorZI4EZoSzzpPTHiBNFNnnC_QHOJI:1rojoW:z09cZRpkMjCG-Wmj1wc-jXAlDFnhe6Q3CESEgoNVMA8','2024-04-08 20:52:32.997960');
/*!40000 ALTER TABLE `django_session` ENABLE KEYS */;
UNLOCK TABLES;

--
-- Table structure for table `limited_newenergymodel`
--

DROP TABLE IF EXISTS `limited_newenergymodel`;
/*!40101 SET @saved_cs_client     = @@character_set_client */;
/*!50503 SET character_set_client = utf8mb4 */;
CREATE TABLE `limited_newenergymodel` (
  `id` bigint NOT NULL AUTO_INCREMENT,
  `year` int NOT NULL,
  `province` varchar(20) NOT NULL,
  `energy_type` varchar(50) NOT NULL,
  `value` decimal(10,1) NOT NULL,
  `created_at` datetime(6) NOT NULL,
  PRIMARY KEY (`id`)
) ENGINE=InnoDB DEFAULT CHARSET=utf8mb4 COLLATE=utf8mb4_0900_ai_ci;
/*!40101 SET character_set_client = @saved_cs_client */;

--
-- Dumping data for table `limited_newenergymodel`
--

LOCK TABLES `limited_newenergymodel` WRITE;
/*!40000 ALTER TABLE `limited_newenergymodel` DISABLE KEYS */;
/*!40000 ALTER TABLE `limited_newenergymodel` ENABLE KEYS */;
UNLOCK TABLES;

--
-- Table structure for table `renew_electricfieldfaultmodel`
--

DROP TABLE IF EXISTS `renew_electricfieldfaultmodel`;
/*!40101 SET @saved_cs_client     = @@character_set_client */;
/*!50503 SET character_set_client = utf8mb4 */;
CREATE TABLE `renew_electricfieldfaultmodel` (
  `id` bigint NOT NULL AUTO_INCREMENT,
  `malfunction_reason` varchar(100) NOT NULL,
  `created_at` datetime(6) NOT NULL,
  `electric_field_id` bigint NOT NULL,
  `send_times` int NOT NULL,
  PRIMARY KEY (`id`),
  KEY `renew_electricfieldf_electric_field_id_80cb79ee_fk_renew_ele` (`electric_field_id`),
  CONSTRAINT `renew_electricfieldf_electric_field_id_80cb79ee_fk_renew_ele` FOREIGN KEY (`electric_field_id`) REFERENCES `renew_electricfieldmodel` (`id`)
) ENGINE=InnoDB AUTO_INCREMENT=2 DEFAULT CHARSET=utf8mb4 COLLATE=utf8mb4_0900_ai_ci;
/*!40101 SET character_set_client = @saved_cs_client */;

--
-- Dumping data for table `renew_electricfieldfaultmodel`
--

LOCK TABLES `renew_electricfieldfaultmodel` WRITE;
/*!40000 ALTER TABLE `renew_electricfieldfaultmodel` DISABLE KEYS */;
/*!40000 ALTER TABLE `renew_electricfieldfaultmodel` ENABLE KEYS */;
UNLOCK TABLES;

--
-- Table structure for table `renew_electricfieldmodel`
--

DROP TABLE IF EXISTS `renew_electricfieldmodel`;
/*!40101 SET @saved_cs_client     = @@character_set_client */;
/*!50503 SET character_set_client = utf8mb4 */;
CREATE TABLE `renew_electricfieldmodel` (
  `id` bigint NOT NULL AUTO_INCREMENT,
  `province` varchar(100) DEFAULT NULL,
  `station_type` varchar(100) NOT NULL,
  `station_name` varchar(100) DEFAULT NULL,
  `created_at` datetime(6) NOT NULL,
  PRIMARY KEY (`id`)
) ENGINE=InnoDB AUTO_INCREMENT=7 DEFAULT CHARSET=utf8mb4 COLLATE=utf8mb4_0900_ai_ci;
/*!40101 SET character_set_client = @saved_cs_client */;

--
-- Dumping data for table `renew_electricfieldmodel`
--

LOCK TABLES `renew_electricfieldmodel` WRITE;
/*!40000 ALTER TABLE `renew_electricfieldmodel` DISABLE KEYS */;
INSERT INTO `renew_electricfieldmodel` VALUES (1,'淮南','火力发电','潘集发电','2024-03-27 22:15:31.477383'),(2,'合肥','综合性发电','皖能电力','2024-03-27 22:16:52.962466'),(3,'安庆','火力发电','中节股份','2024-03-27 22:19:19.733705'),(4,'马鞍山','风力发电','马鞍山经纬回转支承','2024-03-27 22:21:42.253293'),(5,'合肥','综合性发电','阳光电源','2024-03-27 22:22:09.492367'),(6,'合肥','太阳能发电','森永新能源','2024-03-27 22:23:20.423792');
/*!40000 ALTER TABLE `renew_electricfieldmodel` ENABLE KEYS */;
UNLOCK TABLES;

--
-- Table structure for table `renew_mainenergyproductionmodel`
--

DROP TABLE IF EXISTS `renew_mainenergyproductionmodel`;
/*!40101 SET @saved_cs_client     = @@character_set_client */;
/*!50503 SET character_set_client = utf8mb4 */;
CREATE TABLE `renew_mainenergyproductionmodel` (
  `id` bigint NOT NULL AUTO_INCREMENT,
  `region` varchar(100) NOT NULL,
  `year` int NOT NULL,
  `raw_coal` decimal(10,1) NOT NULL,
  `crude_oil` decimal(10,1) NOT NULL,
  `fire_power` decimal(10,1) NOT NULL,
  `water_power` decimal(10,1) NOT NULL,
  `wind_power` decimal(10,1) NOT NULL,
  `sun_power` decimal(10,1) NOT NULL,
  `all_power` decimal(10,1) NOT NULL,
  `created_at` datetime(6) NOT NULL,
  `nuclear_power` decimal(10,1) NOT NULL,
  PRIMARY KEY (`id`),
  UNIQUE KEY `year` (`year`),
  UNIQUE KEY `renew_mainenergyproduction_year_region_efbe7d90_uniq` (`year`,`region`)
) ENGINE=InnoDB AUTO_INCREMENT=7 DEFAULT CHARSET=utf8mb4 COLLATE=utf8mb4_0900_ai_ci;
/*!40101 SET character_set_client = @saved_cs_client */;

--
-- Dumping data for table `renew_mainenergyproductionmodel`
--

LOCK TABLES `renew_mainenergyproductionmodel` WRITE;
/*!40000 ALTER TABLE `renew_mainenergyproductionmodel` DISABLE KEYS */;
INSERT INTO `renew_mainenergyproductionmodel` VALUES (1,'安徽',2023,11285.8,773.4,3033.0,68.0,123.4,111.2,3335.6,'2024-03-26 21:42:07.075630',0.0),(2,'安徽',2022,11176.9,579.0,2882.9,52.8,101.9,97.3,3134.9,'2024-03-26 22:09:21.714832',0.0),(3,'安徽',2021,11274.1,752.0,2690.3,55.7,85.6,80.3,2911.9,'2024-03-27 01:55:00.044738',0.0),(4,'安徽',2020,11084.4,330.7,2527.3,40.7,47.0,66.7,2681.6,'2024-03-27 02:01:26.113191',0.0),(5,'安徽',2019,10988.4,658.1,2637.2,30.0,42.4,59.8,2769.4,'2024-03-27 02:09:24.892314',0.0),(6,'安徽',2018,11529.1,727.6,2491.3,35.2,45.2,51.1,2622.8,'2024-03-27 02:11:17.774551',0.0);
/*!40000 ALTER TABLE `renew_mainenergyproductionmodel` ENABLE KEYS */;
UNLOCK TABLES;

--
-- Table structure for table `renew_powergenerationmodel`
--

DROP TABLE IF EXISTS `renew_powergenerationmodel`;
/*!40101 SET @saved_cs_client     = @@character_set_client */;
/*!50503 SET character_set_client = utf8mb4 */;
CREATE TABLE `renew_powergenerationmodel` (
  `id` bigint NOT NULL AUTO_INCREMENT,
  `region` varchar(100) NOT NULL,
  `year` int NOT NULL,
  `fire` decimal(8,1) NOT NULL,
  `wind` decimal(8,1) NOT NULL,
  `water` decimal(8,1) NOT NULL,
  `solar` decimal(8,1) NOT NULL,
  `created_at` datetime(6) NOT NULL,
  `all` decimal(8,1) NOT NULL,
  `all_increase` decimal(3,1) DEFAULT NULL,
  PRIMARY KEY (`id`),
  UNIQUE KEY `year` (`year`),
  UNIQUE KEY `renew_powergenerationmodel_region_year_d81d2154_uniq` (`region`,`year`)
) ENGINE=InnoDB DEFAULT CHARSET=utf8mb4 COLLATE=utf8mb4_0900_ai_ci;
/*!40101 SET character_set_client = @saved_cs_client */;

--
-- Dumping data for table `renew_powergenerationmodel`
--

LOCK TABLES `renew_powergenerationmodel` WRITE;
/*!40000 ALTER TABLE `renew_powergenerationmodel` DISABLE KEYS */;
/*!40000 ALTER TABLE `renew_powergenerationmodel` ENABLE KEYS */;
UNLOCK TABLES;

--
-- Table structure for table `suyuanapplication_apirequest`
--

DROP TABLE IF EXISTS `suyuanapplication_apirequest`;
/*!40101 SET @saved_cs_client     = @@character_set_client */;
/*!50503 SET character_set_client = utf8mb4 */;
CREATE TABLE `suyuanapplication_apirequest` (
  `id` bigint NOT NULL AUTO_INCREMENT,
  `path` varchar(255) NOT NULL,
  `request_time` datetime(6) NOT NULL,
  PRIMARY KEY (`id`)
) ENGINE=InnoDB AUTO_INCREMENT=2153 DEFAULT CHARSET=utf8mb4 COLLATE=utf8mb4_0900_ai_ci;
/*!40101 SET character_set_client = @saved_cs_client */;

--
-- Dumping data for table `suyuanapplication_apirequest`
--

LOCK TABLES `suyuanapplication_apirequest` WRITE;
/*!40000 ALTER TABLE `suyuanapplication_apirequest` DISABLE KEYS */;
INSERT INTO `suyuanapplication_apirequest` VALUES (605,'/api/energyproandinvnt/','2024-03-25 18:45:07.498601'),(606,'/api/rscefacilt/13/','2024-03-25 18:45:10.948827'),(607,'/api/energyproandinvnt/','2024-03-25 18:45:57.652432'),(608,'/api/rscefacilt/13/','2024-03-25 18:46:46.720613'),(609,'/api/energyproandinvnt/','2024-03-25 18:49:25.224831'),(610,'/api/rscefacilt/13/','2024-03-25 18:51:29.178482'),(611,'/api/rscefacilt/13/','2024-03-25 18:51:32.612204'),(612,'/api/energyproandinvnt/','2024-03-25 18:51:33.365704'),(613,'/api/rscefacilt/13/','2024-03-25 18:57:03.362701'),(614,'/api/rscefacilt/13/','2024-03-25 19:01:31.533914'),(615,'/api/rscefacilt/13/','2024-03-25 19:01:47.527224'),(616,'/api/energyproandinvnt/','2024-03-25 19:02:58.296589'),(617,'/api/energyproandinvnt/','2024-03-25 19:03:25.574617'),(618,'/api/energyproandinvnt/','2024-03-25 19:05:34.076915'),(619,'/api/energyproandinvnt/','2024-03-25 19:05:57.361741'),(620,'/api/energyproandinvnt/','2024-03-25 19:06:06.074991'),(621,'/api/energyproandinvnt/','2024-03-25 19:06:20.958599'),(622,'/api/energyproandinvnt/','2024-03-25 19:07:18.833507'),(623,'/api/energyproandinvnt/','2024-03-25 19:08:26.429723'),(624,'/api/energyproandinvnt/','2024-03-25 19:10:24.891373'),(625,'/api/energyproandinvnt/','2024-03-25 19:10:57.963706'),(626,'/api/energyproandinvnt/','2024-03-25 19:11:19.878289'),(627,'/api/energyproandinvnt/','2024-03-25 19:11:20.422356'),(628,'/api/energyproandinvnt/','2024-03-25 19:11:20.953836'),(629,'/api/energyproandinvnt/','2024-03-25 19:11:21.214731'),(630,'/api/energyproandinvnt/','2024-03-25 19:11:21.968739'),(631,'/api/energyproandinvnt/','2024-03-25 19:11:22.144813'),(632,'/api/energyproandinvnt/','2024-03-25 19:11:22.507522'),(633,'/api/energyproandinvnt/','2024-03-25 19:11:22.681574'),(634,'/api/energyproandinvnt/','2024-03-25 19:11:22.835574'),(635,'/api/rscefacilt/13/','2024-03-25 19:11:44.281037'),(636,'/api/energyproandinvnt/','2024-03-25 19:11:46.766480'),(637,'/api/energyproandinvnt/','2024-03-25 19:12:25.832490'),(638,'/api/energyproandinvnt/','2024-03-25 19:12:49.692444'),(639,'/api/energyproandinvnt/','2024-03-25 19:12:50.117062'),(640,'/api/energyproandinvnt/','2024-03-25 19:12:50.513274'),(641,'/api/energyproandinvnt/','2024-03-25 19:12:50.858854'),(642,'/api/energyproandinvnt/','2024-03-25 19:12:51.069855'),(643,'/api/energyproandinvnt/','2024-03-25 19:12:51.261854'),(644,'/api/energyproandinvnt/','2024-03-25 19:12:51.415854'),(645,'/api/energyproandinvnt/','2024-03-25 19:12:51.563440'),(646,'/api/rscefacilt/13/','2024-03-25 19:12:54.294793'),(647,'/api/energyproandinvnt/','2024-03-25 19:12:56.660830'),(648,'/api/energyproandinvnt/','2024-03-25 19:13:02.810383'),(649,'/api/energyproandinvnt/','2024-03-25 19:13:10.841004'),(650,'/api/energyproandinvnt/','2024-03-25 19:13:20.203302'),(651,'/api/energyproandinvnt/','2024-03-25 19:13:22.311866'),(652,'/api/energyproandinvnt/','2024-03-25 19:13:23.658127'),(653,'/api/energyproandinvnt/','2024-03-25 19:13:26.451445'),(654,'/api/energyproandinvnt/','2024-03-25 19:13:29.405347'),(655,'/api/energyproandinvnt/','2024-03-25 19:14:35.669773'),(656,'/api/energyproandinvnt/','2024-03-25 19:14:40.014125'),(657,'/api/energyproandinvnt/','2024-03-25 19:14:42.237799'),(658,'/api/energyproandinvnt/','2024-03-25 19:14:44.520458'),(659,'/api/energyproandinvnt/','2024-03-25 19:14:46.465316'),(660,'/api/energyproandinvnt/','2024-03-25 19:14:48.182905'),(661,'/api/energyproandinvnt/','2024-03-25 19:15:13.342905'),(662,'/api/energyproandinvnt/','2024-03-25 19:15:20.201382'),(663,'/api/energyproandinvnt/','2024-03-25 19:15:56.500522'),(664,'/api/energyproandinvnt/','2024-03-25 19:15:58.374040'),(665,'/api/energyproandinvnt/','2024-03-25 19:16:14.673036'),(666,'/api/energyproandinvnt/','2024-03-25 19:16:20.642992'),(667,'/api/energyproandinvnt/','2024-03-25 19:16:48.104646'),(668,'/api/energyproandinvnt/','2024-03-25 19:17:21.595981'),(669,'/api/energyproandinvnt/','2024-03-25 19:17:21.827981'),(670,'/api/rscefacilt/13/','2024-03-25 19:17:26.116519'),(671,'/api/energyproandinvnt/','2024-03-25 19:20:28.706057'),(672,'/api/energyproandinvnt/','2024-03-25 19:20:32.005565'),(673,'/api/energyproandinvnt/','2024-03-25 19:20:34.224019'),(674,'/api/energyproandinvnt/','2024-03-25 19:21:39.955108'),(675,'/api/energyproandinvnt/','2024-03-25 19:24:47.911079'),(676,'/api/energyproandinvnt/','2024-03-25 19:24:50.895797'),(677,'/api/energyproandinvnt/','2024-03-25 19:25:06.825221'),(678,'/api/energyproandinvnt/','2024-03-25 19:25:08.562770'),(679,'/api/energyproandinvnt/','2024-03-25 19:25:56.724531'),(680,'/api/energyproandinvnt/','2024-03-25 19:26:46.667580'),(681,'/api/rscefacilt/1/','2024-03-25 19:28:05.463315'),(682,'/api/powergenerationcapcty/','2024-03-25 19:28:10.686489'),(683,'/api/powergenerationcapcty/','2024-03-25 19:28:18.773784'),(684,'/api/powergenerationcapcty/','2024-03-25 19:29:20.626114'),(685,'/api/powergenerationcapcty/','2024-03-25 19:30:02.195342'),(686,'/api/powergenerationcapcty/','2024-03-25 19:30:28.947130'),(687,'/api/energyiae/','2024-03-25 19:30:41.584337'),(688,'/api/powergenerationcapcty/','2024-03-25 19:30:53.598540'),(689,'/api/powergenerationcapcty/','2024-03-25 19:31:39.273815'),(690,'/api/energyiae/','2024-03-25 19:34:13.633280'),(691,'/api/energyproandinvnt/','2024-03-25 19:34:18.257576'),(692,'/api/energyproandinvnt/','2024-03-25 19:35:56.392386'),(693,'/api/rscefacilt/13','2024-03-25 19:36:50.960954'),(694,'/api/rscefacilt/13/','2024-03-25 19:36:51.022539'),(695,'/api/powergenerationcapcty/','2024-03-25 19:37:23.144907'),(696,'/api/rscefacilt/13/','2024-03-25 19:37:51.023364'),(697,'/api/powergenerationcapcty/','2024-03-25 19:37:51.373180'),(698,'/api/energyproandinvnt/','2024-03-25 19:37:53.857345'),(699,'/api/rscefacilt/13/','2024-03-25 19:37:55.905538'),(700,'/api/rscefacilt/13/','2024-03-25 19:38:45.018353'),(701,'/api/energyproandinvnt/','2024-03-25 19:38:46.612074'),(702,'/api/energyproandinvnt/','2024-03-25 19:39:35.112486'),(703,'/api/energyproandinvnt/','2024-03-25 19:39:38.174395'),(704,'/api/rscefacilt/13/','2024-03-25 19:40:33.806857'),(705,'/api/rscefacilt/13/','2024-03-25 19:40:43.521514'),(706,'/api/energyproandinvnt/','2024-03-25 19:41:40.390328'),(707,'/api/rscefacilt/13/','2024-03-25 19:42:20.525492'),(708,'/api/rscefacilt/13/','2024-03-25 19:42:27.757162'),(709,'/api/rscefacilt/13/','2024-03-25 19:42:30.051119'),(710,'/api/rscefacilt/13/','2024-03-25 19:48:24.911479'),(711,'/api/energyproandinvnt/','2024-03-25 19:49:01.670552'),(712,'/api/energyiae/','2024-03-25 19:49:10.977580'),(713,'/api/energyiae/','2024-03-25 19:49:20.032702'),(714,'/api/energyiae/','2024-03-25 19:49:34.969512'),(715,'/api/energyiae/','2024-03-25 19:50:04.932469'),(716,'/api/energyiae/','2024-03-25 19:50:22.811579'),(717,'/api/rscefacilt/13/','2024-03-25 19:51:14.363483'),(718,'/api/energyproandinvnt/','2024-03-25 19:52:16.697953'),(719,'/api/energyproandinvnt/','2024-03-25 19:55:44.266543'),(720,'/api/rscefacilt/13/','2024-03-25 19:58:58.571976'),(721,'/api/energyproandinvnt/','2024-03-25 19:59:03.721883'),(722,'/api/energyproandinvnt/','2024-03-25 20:00:47.548212'),(723,'/api/energyproandinvnt/','2024-03-25 20:06:19.665008'),(724,'/api/energyproandinvnt/','2024-03-25 20:06:20.519672'),(725,'/api/energyproandinvnt/','2024-03-25 20:06:20.597671'),(726,'/api/rscefacilt/13/','2024-03-25 20:06:50.738243'),(727,'/api/energyproandinvnt/','2024-03-25 20:07:01.687593'),(728,'/api/energyproandinvnt/','2024-03-25 20:07:01.798591'),(729,'/api/energyproandinvnt/','2024-03-25 20:07:02.104593'),(730,'/api/energyproandinvnt/','2024-03-25 20:07:21.328207'),(731,'/api/energyproandinvnt/','2024-03-25 20:07:21.641625'),(732,'/api/energyproandinvnt/','2024-03-25 20:07:40.728094'),(733,'/api/energyproandinvnt/','2024-03-25 20:07:40.732093'),(734,'/api/energyproandinvnt/','2024-03-25 20:08:02.655865'),(735,'/api/energyproandinvnt/','2024-03-25 20:08:02.908018'),(736,'/api/energyproandinvnt/','2024-03-25 20:08:20.465410'),(737,'/api/energyproandinvnt/','2024-03-25 20:08:20.471922'),(738,'/api/rscefacilt/13/','2024-03-25 20:08:56.082057'),(739,'/api/energyproandinvnt/','2024-03-25 20:10:57.124118'),(740,'/api/energyproandinvnt/','2024-03-25 20:16:33.902788'),(741,'/api/energy_consumption/','2024-03-25 20:26:19.463797'),(742,'/api/energy_consumption/','2024-03-25 20:27:16.983325'),(743,'/api/energy_consumption/','2024-03-25 20:27:18.330582'),(744,'/api/energy_consumption/','2024-03-25 20:28:37.601402'),(745,'/api/energy_consumption/','2024-03-25 20:30:39.470161'),(746,'/api/energy_consumption/','2024-03-25 20:31:22.371043'),(747,'/api/energy_consumption/','2024-03-25 20:31:23.773647'),(748,'/api/energy_consumption/','2024-03-25 20:31:46.363341'),(749,'/api/energy_consumption/','2024-03-25 20:31:47.098901'),(750,'/api/energy_consumption/','2024-03-25 20:31:47.674164'),(751,'/api/energy_consumption/','2024-03-25 20:32:24.981153'),(752,'/api/energy_consumption/','2024-03-25 20:35:54.974222'),(753,'/api/energy_consumption/','2024-03-25 20:38:47.446010'),(754,'/api/energy_consumption/','2024-03-25 20:38:57.144265'),(755,'/api/energy_consumption/','2024-03-25 20:39:00.355861'),(756,'/api/energy_consumption/','2024-03-25 20:39:11.700787'),(757,'/api/energyproandinvnt/','2024-03-25 20:42:01.242483'),(758,'/api/energyproandinvnt/','2024-03-25 20:47:48.154290'),(759,'/api/rscefacilt/13/','2024-03-25 20:47:50.303089'),(760,'/api/energyproandinvnt/','2024-03-25 20:49:11.368807'),(761,'/api/energyproandinvnt/','2024-03-25 20:49:33.960298'),(762,'/api/rscefacilt/13/','2024-03-25 20:52:49.987112'),(763,'/api/rscefacilt/13/','2024-03-25 20:53:02.731310'),(764,'/api/rscefacilt/13/','2024-03-25 20:53:04.655171'),(765,'/api/energyproandinvnt/','2024-03-25 20:53:06.091929'),(766,'/api/rscefacilt/13/','2024-03-25 20:53:06.976176'),(767,'/api/energyproandinvnt/','2024-03-25 20:53:28.855508'),(768,'/api/rscefacilt/13/','2024-03-25 20:53:37.755684'),(769,'/api/rscefacilt/13/','2024-03-25 20:53:47.395035'),(770,'/api/rscefacilt/13/','2024-03-25 20:53:50.862156'),(771,'/api/rscefacilt/13/','2024-03-25 20:53:53.439486'),(772,'/api/rscefacilt/13/','2024-03-25 20:53:54.667724'),(773,'/api/rscefacilt/13/','2024-03-25 20:53:55.752952'),(774,'/api/rscefacilt/13/','2024-03-25 20:53:57.089508'),(775,'/api/energyproandinvnt/','2024-03-25 20:54:50.916111'),(776,'/api/rscefacilt/13/','2024-03-25 20:54:52.182341'),(777,'/api/rscefacilt/13/','2024-03-25 20:56:41.803932'),(778,'/api/rscefacilt/13/','2024-03-25 20:56:56.325254'),(779,'/api/rscefacilt/13/','2024-03-25 21:00:25.063909'),(780,'/api/rscefacilt/13/','2024-03-25 21:00:26.390543'),(781,'/api/rscefacilt/13/','2024-03-25 21:00:29.115160'),(782,'/api/energyproandinvnt/','2024-03-25 21:00:34.962702'),(783,'/api/energyproandinvnt/','2024-03-25 21:01:12.404281'),(784,'/api/rscefacilt/13/','2024-03-25 21:01:18.721317'),(785,'/api/rscefacilt/13/','2024-03-25 21:02:10.648947'),(786,'/api/rscefacilt/13/','2024-03-25 21:04:03.773380'),(787,'/api/energyproandinvnt/','2024-03-25 21:04:07.870418'),(788,'/api/rscefacilt/13/','2024-03-25 21:10:28.031373'),(789,'/api/rscefacilt/13/','2024-03-25 21:10:30.913351'),(790,'/api/energyproandinvnt/','2024-03-25 21:10:33.094535'),(791,'/api/energyproandinvnt/','2024-03-25 21:12:43.858554'),(792,'/api/rscefacilt/13/','2024-03-25 21:12:56.327225'),(793,'/api/rscefacilt/13/','2024-03-25 21:14:40.552133'),(794,'/api/energyproandinvnt/','2024-03-25 21:15:13.878365'),(795,'/api/rscefacilt/13/','2024-03-25 21:17:02.657705'),(796,'/api/rscefacilt/13/','2024-03-25 21:17:17.615508'),(797,'/api/energyproandinvnt/','2024-03-25 21:19:54.165719'),(798,'/api/energyproandinvnt/','2024-03-25 21:21:57.083330'),(799,'/api/rscefacilt/13/','2024-03-25 21:22:13.647544'),(800,'/api/rscefacilt/13/','2024-03-25 21:22:37.779311'),(801,'/api/energyproandinvnt/','2024-03-25 21:23:00.404094'),(802,'/api/rscefacilt/13/','2024-03-25 21:23:05.719529'),(803,'/api/energyproandinvnt/','2024-03-25 21:23:29.051462'),(804,'/api/rscefacilt/13/','2024-03-25 21:23:29.956636'),(805,'/api/energyproandinvnt/','2024-03-25 21:23:40.549173'),(806,'/api/rscefacilt/13/','2024-03-25 21:24:32.293025'),(807,'/api/rscefacilt/13/','2024-03-25 21:24:39.422975'),(808,'/api/rscefacilt/13/','2024-03-25 21:24:42.303243'),(809,'/api/energyproandinvnt/','2024-03-25 21:25:35.454373'),(810,'/api/rscefacilt/13/','2024-03-25 21:25:36.371381'),(811,'/api/energyproandinvnt/','2024-03-25 21:25:39.682129'),(812,'/api/rscefacilt/13/','2024-03-25 21:26:04.834128'),(813,'/api/rscefacilt/13/','2024-03-25 21:26:10.749212'),(814,'/api/energyproandinvnt/','2024-03-25 21:26:11.869289'),(815,'/api/rscefacilt/13/','2024-03-25 21:26:37.775546'),(816,'/api/energyproandinvnt/','2024-03-25 21:26:48.514053'),(817,'/api/rscefacilt/13/','2024-03-25 21:26:49.581519'),(818,'/api/rscefacilt/13/','2024-03-25 21:26:55.856812'),(819,'/api/rscefacilt/13/','2024-03-25 21:27:29.418936'),(820,'/api/rscefacilt/13/','2024-03-25 21:27:32.131350'),(821,'/api/rscefacilt/13/','2024-03-25 21:27:34.115635'),(822,'/api/rscefacilt/13/','2024-03-25 21:27:35.977081'),(823,'/api/rscefacilt/13/','2024-03-25 21:27:37.054752'),(824,'/api/rscefacilt/13/','2024-03-25 21:27:38.525629'),(825,'/api/energyproandinvnt/','2024-03-25 21:28:10.677727'),(826,'/api/rscefacilt/13/','2024-03-25 21:29:23.581298'),(827,'/api/energyproandinvnt/','2024-03-25 21:29:30.190762'),(828,'/api/rscefacilt/13/','2024-03-25 21:29:31.316891'),(829,'/api/rscefacilt/13/','2024-03-25 21:30:29.425826'),(830,'/api/energyproandinvnt/','2024-03-25 21:32:22.217550'),(831,'/api/rscefacilt/13/','2024-03-25 21:33:41.821439'),(832,'/api/energyproandinvnt/','2024-03-25 21:34:10.292546'),(833,'/api/rscefacilt/13/','2024-03-25 21:34:10.932759'),(834,'/api/energyproandinvnt/','2024-03-25 21:35:21.074799'),(835,'/api/rscefacilt/13/','2024-03-25 21:35:40.118694'),(836,'/api/energyproandinvnt/','2024-03-25 21:36:26.522301'),(837,'/api/rscefacilt/13/','2024-03-25 21:36:47.170876'),(838,'/api/energyproandinvnt/','2024-03-25 21:37:31.743177'),(839,'/api/rscefacilt/13/','2024-03-25 21:37:35.258093'),(840,'/api/rscefacilt/13/','2024-03-25 21:39:20.649477'),(841,'/api/rscefacilt/13/','2024-03-25 21:39:25.791805'),(842,'/api/rscefacilt/13/','2024-03-25 21:40:44.239256'),(843,'/api/rscefacilt/13/','2024-03-25 21:43:27.648315'),(844,'/api/energyproandinvnt/','2024-03-25 21:43:29.548796'),(845,'/api/rscefacilt/13/','2024-03-25 21:43:30.313306'),(846,'/api/rscefacilt/13/','2024-03-25 21:44:20.714561'),(847,'/api/rscefacilt/13/','2024-03-25 21:49:08.484905'),(848,'/api/rscefacilt/13/','2024-03-25 21:50:20.972557'),(849,'/api/rscefacilt/13/','2024-03-25 21:50:24.368565'),(850,'/api/rscefacilt/13/','2024-03-25 21:50:45.520434'),(851,'/api/rscefacilt/13/','2024-03-25 21:50:48.024404'),(852,'/api/rscefacilt/13/','2024-03-25 21:50:51.265366'),(853,'/api/energyproandinvnt/','2024-03-25 21:51:22.467883'),(854,'/api/rscefacilt/13/','2024-03-25 21:51:26.600418'),(855,'/api/rscefacilt/13/','2024-03-25 21:51:33.465059'),(856,'/api/rscefacilt/13/','2024-03-25 21:52:24.533190'),(857,'/api/energyproandinvnt/','2024-03-25 21:52:28.298393'),(858,'/api/rscefacilt/13/','2024-03-25 21:52:29.847403'),(859,'/api/rscefacilt/13/','2024-03-25 21:52:33.516692'),(860,'/api/rscefacilt/13/','2024-03-25 21:54:38.338601'),(861,'/api/rscefacilt/13/','2024-03-25 21:54:42.944459'),(862,'/api/rscefacilt/13/','2024-03-25 21:59:20.705701'),(863,'/api/rscefacilt/13/','2024-03-25 22:03:28.943405'),(864,'/api/rscefacilt/13/','2024-03-25 22:09:35.185511'),(865,'/api/rscefacilt/13/','2024-03-25 22:10:37.838882'),(866,'/api/rscefacilt/13/','2024-03-25 22:17:10.525910'),(867,'/api/rscefacilt/13/','2024-03-25 22:17:37.315635'),(868,'/api/rscefacilt/13/','2024-03-25 22:18:04.982790'),(869,'/api/energyproandinvnt/','2024-03-26 17:47:41.291583'),(870,'/api/rscefacilt/13/','2024-03-26 17:47:47.755133'),(871,'/api/rscefacilt/13','2024-03-26 17:50:00.028829'),(872,'/api/rscefacilt/13/','2024-03-26 17:50:00.171833'),(873,'/api/rscefacilt/13/','2024-03-26 17:50:02.098552'),(874,'/api/rscefacilt/13/','2024-03-26 18:09:45.362345'),(875,'/api/energyproandinvnt/','2024-03-26 18:09:48.588950'),(876,'/api/rscefacilt/13/','2024-03-26 18:09:52.742219'),(877,'/api/rscefacilt/13/','2024-03-26 18:11:18.721778'),(878,'/api/rscefacilt/13/','2024-03-26 18:26:51.773733'),(879,'/api/energyproandinvnt/','2024-03-26 18:30:25.232154'),(880,'/api/energyproandinvnt/','2024-03-26 18:30:26.648158'),(881,'/api/energyproandinvnt/','2024-03-26 18:30:27.730159'),(882,'/api/rscefacilt/13/','2024-03-26 18:30:30.904161'),(883,'/api/rscefacilt/13/','2024-03-26 18:39:09.820826'),(884,'/api/energyproandinvnt/','2024-03-26 18:45:16.372312'),(885,'/api/rscefacilt/13/','2024-03-26 18:48:47.606692'),(886,'/api/energyproandinvnt/','2024-03-26 19:12:08.079287'),(887,'/api/renew/','2024-03-26 19:15:29.049996'),(888,'/api/renew/get_electricity_generation/13/','2024-03-26 19:19:18.036479'),(889,'/api/get_energy_consumption/','2024-03-26 19:25:14.041146'),(890,'/api/get_energy_import_and_export/','2024-03-26 19:25:29.882597'),(891,'/api/get_mineral_develop/1/','2024-03-26 19:26:23.716869'),(892,'/api/get_mineral_develop/2/','2024-03-26 19:26:28.080210'),(893,'/api/get_mineral_develop/13/','2024-03-26 19:26:31.142041'),(894,'/api/get_mineral_develop/1/','2024-03-26 19:26:33.585114'),(895,'/api/rscefacilt/13/','2024-03-26 19:26:54.283030'),(896,'/api/energyproandinvnt/','2024-03-26 19:27:02.780781'),(897,'/api/energyproandinvnt/','2024-03-26 19:27:52.421038'),(898,'/api/rscefacilt/13/','2024-03-26 19:28:10.337219'),(899,'/api/rscefacilt/13/','2024-03-26 19:28:10.400971'),(900,'/api/rscefacilt/13/','2024-03-26 19:28:41.055708'),(901,'/api/get_regional_resource_facilities/1/','2024-03-26 19:28:56.103233'),(902,'/api/get_regional_resource_facilities/1/','2024-03-26 19:29:09.285548'),(903,'/api/get_power_generation_installed_capacity/','2024-03-26 19:29:15.888208'),(904,'/api/energyproandinvnt/','2024-03-26 19:29:25.931903'),(905,'/api/energyproandinvnt/','2024-03-26 19:29:47.592001'),(906,'/api/renew/get_electricity_generation/1/','2024-03-26 19:29:53.699209'),(907,'/api/renew/get_electricity_generation/2/','2024-03-26 19:29:59.543471'),(908,'/api/renew/get_electricity_generation/3/','2024-03-26 19:30:01.516680'),(909,'/api/get_energy_consumption/','2024-03-26 19:30:22.665602'),(910,'/api/renew/get_electricity_generation/13/','2024-03-26 19:30:39.648596'),(911,'/api/renew/get_electricity_generation/13/','2024-03-26 19:30:53.225541'),(912,'/api/get_regional_resource_facilities/1/','2024-03-26 19:30:54.614347'),(913,'/api/energyproandinvnt/','2024-03-26 19:30:55.854562'),(914,'/api/get_energy_production_and_inventory/','2024-03-26 19:31:57.688967'),(915,'/api/energyproandinvnt/','2024-03-26 19:32:12.313875'),(916,'/api/energyproandinvnt/','2024-03-26 19:32:19.221158'),(917,'/api/get_energy_import_and_export/','2024-03-26 19:32:22.911050'),(918,'/api/get_energy_production_and_inventory/','2024-03-26 19:32:30.955195'),(919,'/api/get_energy_production_and_inventory/','2024-03-26 19:32:42.778882'),(920,'/api/get_energy_consumption/','2024-03-26 19:32:49.685310'),(921,'/api/get_energy_production_and_inventory/','2024-03-26 19:32:56.513210'),(922,'/api/get_regional_resource_facilities/1/','2024-03-26 19:32:58.651957'),(923,'/api/get_energy_production_and_inventory/','2024-03-26 19:33:14.997912'),(924,'/api/get_energy_production_and_inventory/','2024-03-26 19:33:17.382414'),(925,'/api/get_regional_resource_facilities/1/','2024-03-26 19:33:18.540755'),(926,'/api/get_regional_resource_facilities/1/','2024-03-26 19:33:36.758173'),(927,'/api/get_energy_production_and_inventory/','2024-03-26 19:34:12.352391'),(928,'/api/get_energy_production_and_inventory/','2024-03-26 19:36:01.033491'),(929,'/api/get_regional_resource_facilities/1/','2024-03-26 19:36:33.609060'),(930,'/api/get_energy_production_and_inventory/','2024-03-26 19:36:35.121403'),(931,'/api/get_regional_resource_facilities/1/','2024-03-26 19:36:38.697781'),(932,'/api/get_regional_resource_facilities/1/','2024-03-26 19:37:38.135356'),(933,'/api/get_energy_production_and_inventory/','2024-03-26 19:37:39.809354'),(934,'/api/get_regional_resource_facilities/1/','2024-03-26 19:39:11.906948'),(935,'/api/get_regional_resource_facilities/1/','2024-03-26 20:06:39.850922'),(936,'/api/get_regional_resource_facilities/1/','2024-03-26 21:20:08.759587'),(937,'/api/get_regional_resource_facilities/1/','2024-03-26 21:20:12.404375'),(938,'/api/get_regional_resource_facilities/1/','2024-03-26 21:20:15.931833'),(939,'/api/get_regional_resource_facilities/1/','2024-03-26 21:29:17.807881'),(940,'/api/get_regional_resource_facilities/1/','2024-03-26 21:31:55.404724'),(941,'/api/get_regional_resource_facilities/1/','2024-03-26 21:33:14.260657'),(942,'/api/get_regional_resource_facilities/1/','2024-03-26 21:33:54.295020'),(943,'/api/get_energy_production_and_inventory/','2024-03-26 21:34:14.090225'),(944,'/api/get_regional_resource_facilities/1/','2024-03-26 21:41:44.264389'),(945,'/api/get_regional_resource_facilities/1/','2024-03-26 21:42:55.308582'),(946,'/api/get_regional_resource_facilities/1/','2024-03-26 21:43:06.390305'),(947,'/api/get_energy_production_and_inventory/','2024-03-26 21:43:08.789943'),(948,'/api/get_energy_consumption/','2024-03-26 21:47:40.733881'),(949,'/api/get_energy_consumption/','2024-03-26 21:47:40.858881'),(950,'/api/get_energy_consumption/','2024-03-26 21:47:40.985880'),(951,'/api/get_energy_consumption/','2024-03-26 21:47:41.124289'),(952,'/api/get_energy_consumption/','2024-03-26 21:47:41.253104'),(953,'/api/get_energy_consumption/','2024-03-26 21:47:41.380104'),(954,'/api/get_energy_consumption/','2024-03-26 21:47:41.520495'),(955,'/api/get_energy_consumption/','2024-03-26 21:47:41.655836'),(956,'/api/get_energy_consumption/','2024-03-26 21:47:41.810836'),(957,'/api/get_energy_consumption/','2024-03-26 21:47:41.954836'),(958,'/api/get_energy_consumption/','2024-03-26 21:47:42.119836'),(959,'/api/get_energy_consumption/','2024-03-26 21:47:42.258837'),(960,'/api/get_energy_consumption/','2024-03-26 21:47:42.403836'),(961,'/api/get_energy_consumption/','2024-03-26 21:47:42.538837'),(962,'/api/get_energy_consumption/','2024-03-26 21:47:42.674836'),(963,'/api/get_regional_resource_facilities/1/','2024-03-26 21:53:34.497727'),(964,'/api/get_regional_resource_facilities/1/','2024-03-26 21:53:39.296668'),(965,'/api/get_regional_resource_facilities/1/','2024-03-26 21:53:41.326614'),(966,'/api/get_regional_resource_facilities/1/','2024-03-26 21:58:05.282113'),(967,'/api/get_energy_production_and_inventory/','2024-03-26 22:03:00.227211'),(968,'/api/get_regional_resource_facilities/1/','2024-03-26 22:03:06.241142'),(969,'/api/get_regional_resource_facilities/1/','2024-03-26 22:03:10.405890'),(970,'/api/get_regional_resource_facilities/1/','2024-03-26 22:04:48.576084'),(971,'/api/get_regional_resource_facilities/1/','2024-03-26 22:05:36.360838'),(972,'/api/get_regional_resource_facilities/1/','2024-03-26 22:07:42.438979'),(973,'/api/get_regional_resource_facilities/1/','2024-03-26 22:08:18.091550'),(974,'/api/get_energy_production_and_inventory/','2024-03-26 22:16:28.616228'),(975,'/api/get_regional_resource_facilities/1/','2024-03-26 22:16:29.394805'),(976,'/api/get_regional_resource_facilities/1/','2024-03-26 22:16:30.341996'),(977,'/api/renew/get_electricity_generation/9/','2024-03-27 02:24:43.775768'),(978,'/api/renew/get_electricity_generation/9/','2024-03-27 02:24:44.884336'),(979,'/api/renew/get_electricity_generation/9/','2024-03-27 02:24:51.703442'),(980,'/api/get_regional_resource_facilities/1/','2024-03-27 22:25:55.688971'),(981,'/api/get_regional_resource_facilities/1/','2024-03-27 22:26:00.189508'),(982,'/api/get_energy_production_and_inventory/','2024-03-27 22:26:02.060888'),(983,'/api/get_regional_resource_facilities/1/','2024-03-27 22:26:03.836376'),(984,'/api/get_energy_production_and_inventory/','2024-03-27 22:26:12.306497'),(985,'/api/get_energy_production_and_inventory/','2024-03-27 22:27:10.426713'),(986,'/api/get_regional_resource_facilities/1/','2024-03-27 22:27:21.874264'),(987,'/api/get_energy_production_and_inventory/','2024-03-27 22:28:26.740203'),(988,'/api/get_energy_production_and_inventory/','2024-03-28 19:11:37.839031'),(989,'/api/get_energy_import_and_export/','2024-03-28 19:17:37.172310'),(990,'/api/get_energy_production_and_inventory/','2024-03-28 19:20:57.745843'),(991,'/api/get_regional_resource_facilities/1/','2024-03-28 19:20:59.484717'),(992,'/api/get_regional_resource_facilities/1/','2024-03-28 19:21:03.003780'),(993,'/api/renew/get_region_energy_production/13/','2024-03-28 19:21:20.679267'),(994,'/api/get_energy_production_and_inventory/','2024-03-28 19:21:36.403271'),(995,'/api/get_energy_production_and_inventory/','2024-03-28 19:22:54.335741'),(996,'/api/get_energy_production_and_inventory/','2024-03-28 19:25:54.715633'),(997,'/api/get_energy_production_and_inventory/','2024-03-28 19:25:59.084378'),(998,'/api/get_energy_production_and_inventory/','2024-03-28 19:26:13.094544'),(999,'/api/get_energy_production_and_inventory/','2024-03-28 19:27:28.157222'),(1000,'/api/get_energy_production_and_inventory/','2024-03-28 19:28:29.723758'),(1001,'/api/get_energy_production_and_inventory/','2024-03-28 19:29:40.825146'),(1002,'/api/get_energy_production_and_inventory/','2024-03-28 19:29:46.648266'),(1003,'/api/get_regional_resource_facilities/1/','2024-03-28 19:29:48.067730'),(1004,'/api/get_energy_production_and_inventory/','2024-03-28 19:30:21.504843'),(1005,'/api/get_energy_production_and_inventory/','2024-03-28 19:30:31.018132'),(1006,'/api/get_energy_production_and_inventory/','2024-03-28 19:30:43.152000'),(1007,'/api/get_energy_production_and_inventory/','2024-03-28 19:32:14.727820'),(1008,'/api/get_energy_production_and_inventory/','2024-03-28 19:32:40.680142'),(1009,'/api/get_energy_production_and_inventory/','2024-03-28 19:33:11.797698'),(1010,'/api/get_energy_production_and_inventory/','2024-03-28 19:33:22.793234'),(1011,'/api/get_energy_import_and_export/','2024-03-28 19:34:02.204478'),(1012,'/api/get_energy_production_and_inventory/','2024-03-28 19:34:06.211186'),(1013,'/api/get_energy_production_and_inventory/','2024-03-28 19:34:34.158982'),(1014,'/api/get_energy_consumption/','2024-03-28 19:35:12.836435'),(1015,'/api/get_energy_production_and_inventory/','2024-03-28 19:35:24.344510'),(1016,'/api/get_energy_consumption/','2024-03-28 19:35:29.904847'),(1017,'/api/get_energy_consumption/','2024-03-28 19:35:30.770502'),(1018,'/api/get_energy_production_and_inventory/','2024-03-28 19:35:40.439581'),(1019,'/api/get_energy_consumption/','2024-03-28 19:35:43.993447'),(1020,'/api/get_energy_consumption/','2024-03-28 19:35:44.639929'),(1021,'/api/get_energy_consumption/','2024-03-28 19:35:47.918279'),(1022,'/api/get_energy_consumption/','2024-03-28 19:35:48.294324'),(1023,'/api/get_energy_consumption/','2024-03-28 19:35:48.646324'),(1024,'/api/get_energy_consumption/','2024-03-28 19:35:49.091906'),(1025,'/api/get_energy_consumption/','2024-03-28 19:35:49.409516'),(1026,'/api/get_energy_consumption/','2024-03-28 19:35:53.969949'),(1027,'/api/get_energy_consumption/','2024-03-28 19:35:58.075712'),(1028,'/api/get_energy_production_and_inventory/','2024-03-28 19:36:22.253793'),(1029,'/api/get_energy_production_and_inventory/','2024-03-28 19:36:29.056586'),(1030,'/api/get_energy_consumption/','2024-03-28 19:36:30.472201'),(1031,'/api/get_energy_production_and_inventory/','2024-03-28 19:37:48.207926'),(1032,'/api/get_regional_resource_facilities/1/','2024-03-28 19:38:09.596560'),(1033,'/api/get_energy_consumption/','2024-03-28 19:38:59.959614'),(1034,'/api/get_energy_production_and_inventory/','2024-03-28 19:38:59.979615'),(1035,'/api/get_energy_consumption/','2024-03-28 19:39:14.991868'),(1036,'/api/get_energy_consumption/','2024-03-28 19:40:13.293921'),(1037,'/api/get_energy_consumption/','2024-03-28 19:40:33.459951'),(1038,'/api/get_regional_resource_facilities/1/','2024-03-28 19:40:40.248919'),(1039,'/api/get_energy_consumption/','2024-03-28 19:41:10.189587'),(1040,'/api/get_energy_consumption/','2024-03-28 19:41:19.622604'),(1041,'/api/get_energy_consumption/','2024-03-28 19:41:31.320447'),(1042,'/api/get_energy_consumption/','2024-03-28 19:41:37.087151'),(1043,'/api/get_energy_production_and_inventory/','2024-03-28 19:41:43.268050'),(1044,'/api/get_energy_consumption/','2024-03-28 19:41:43.270050'),(1045,'/api/get_energy_production_and_inventory/','2024-03-28 19:42:53.651951'),(1046,'/api/get_energy_consumption/','2024-03-28 19:42:53.653320'),(1047,'/api/get_power_generation_installed_capacity/','2024-03-28 19:43:43.602279'),(1048,'/api/get_power_generation_installed_capacity/','2024-03-28 19:43:43.860279'),(1049,'/api/get_power_generation_installed_capacity/','2024-03-28 19:43:56.440774'),(1050,'/api/get_energy_consumption/','2024-03-28 19:43:56.443775'),(1051,'/api/get_power_generation_installed_capacity/','2024-03-28 19:43:56.447773'),(1052,'/api/get_energy_consumption/','2024-03-28 19:43:56.449775'),(1053,'/api/get_power_generation_installed_capacity/','2024-03-28 19:46:03.599450'),(1054,'/api/get_energy_production_and_inventory/','2024-03-28 19:46:03.602450'),(1055,'/api/get_energy_consumption/','2024-03-28 19:46:03.604451'),(1056,'/api/get_power_generation_installed_capacity/','2024-03-28 19:46:54.187632'),(1057,'/api/get_energy_production_and_inventory/','2024-03-28 19:46:54.189633'),(1058,'/api/get_energy_consumption/','2024-03-28 19:46:54.196633'),(1059,'/api/get_energy_production_and_inventory/','2024-03-28 19:46:55.202457'),(1060,'/api/get_energy_consumption/','2024-03-28 19:46:55.205458'),(1061,'/api/get_power_generation_installed_capacity/','2024-03-28 19:46:55.205458'),(1062,'/api/get_power_generation_installed_capacity/','2024-03-28 19:47:25.328905'),(1063,'/api/get_power_generation_installed_capacity/','2024-03-28 19:47:25.329905'),(1064,'/api/get_power_generation_installed_capacity/','2024-03-28 19:48:18.114165'),(1065,'/api/get_power_generation_installed_capacity/','2024-03-28 19:48:18.150165'),(1066,'/api/get_power_generation_installed_capacity/','2024-03-28 19:50:08.962028'),(1067,'/api/get_energy_production_and_inventory/','2024-03-28 19:50:08.992027'),(1068,'/api/get_energy_consumption/','2024-03-28 19:50:09.000027'),(1069,'/api/get_power_generation_installed_capacity/','2024-03-28 19:50:11.541930'),(1070,'/api/get_energy_production_and_inventory/','2024-03-28 19:50:11.558931'),(1071,'/api/get_energy_consumption/','2024-03-28 19:50:11.564931'),(1072,'/api/get_power_generation_installed_capacity/','2024-03-28 19:50:13.142885'),(1073,'/api/get_energy_production_and_inventory/','2024-03-28 19:50:13.173885'),(1074,'/api/get_energy_consumption/','2024-03-28 19:50:13.177885'),(1075,'/api/get_power_generation_installed_capacity/','2024-03-28 19:50:16.945670'),(1076,'/api/get_power_generation_installed_capacity/','2024-03-28 19:50:16.964669'),(1077,'/api/get_power_generation_installed_capacity/','2024-03-28 19:50:27.267108'),(1078,'/api/get_power_generation_installed_capacity/','2024-03-28 19:50:27.278107'),(1079,'/api/get_energy_production_and_inventory/','2024-03-28 19:51:07.610527'),(1080,'/api/get_energy_production_and_inventory/','2024-03-28 19:51:07.613527'),(1081,'/api/get_energy_import_and_export/','2024-03-28 19:52:26.504510'),(1082,'/api/get_power_generation_installed_capacity/','2024-03-28 19:52:26.504510'),(1083,'/api/get_energy_production_and_inventory/','2024-03-28 19:52:26.508510'),(1084,'/api/get_energy_import_and_export/','2024-03-28 19:52:26.742510'),(1085,'/api/get_energy_production_and_inventory/','2024-03-28 19:52:26.805510'),(1086,'/api/get_power_generation_installed_capacity/','2024-03-28 19:52:26.884510'),(1087,'/api/get_energy_import_and_export/','2024-03-28 19:52:51.552694'),(1088,'/api/get_energy_production_and_inventory/','2024-03-28 19:52:51.563695'),(1089,'/api/get_energy_import_and_export/','2024-03-28 19:52:51.625695'),(1090,'/api/get_energy_production_and_inventory/','2024-03-28 19:52:51.637695'),(1091,'/api/get_energy_import_and_export/','2024-03-28 19:53:02.371330'),(1092,'/api/get_energy_production_and_inventory/','2024-03-28 19:53:02.385330'),(1093,'/api/get_energy_import_and_export/','2024-03-28 19:53:02.476330'),(1094,'/api/get_energy_production_and_inventory/','2024-03-28 19:53:02.488330'),(1095,'/api/get_energy_import_and_export/','2024-03-28 19:53:21.741209'),(1096,'/api/get_energy_production_and_inventory/','2024-03-28 19:53:21.754209'),(1097,'/api/get_energy_production_and_inventory/','2024-03-28 19:53:22.096210'),(1098,'/api/get_energy_import_and_export/','2024-03-28 19:53:22.180539'),(1099,'/api/get_energy_consumption/','2024-03-28 19:54:09.049142'),(1100,'/api/get_energy_consumption/','2024-03-28 19:54:09.061141'),(1101,'/api/get_energy_import_and_export/','2024-03-28 19:54:15.251569'),(1102,'/api/get_energy_production_and_inventory/','2024-03-28 19:54:15.277568'),(1103,'/api/get_energy_consumption/','2024-03-28 19:54:15.281568'),(1104,'/api/get_power_generation_installed_capacity/','2024-03-28 19:54:15.343567'),(1105,'/api/get_power_generation_installed_capacity/','2024-03-28 19:54:30.498434'),(1106,'/api/get_power_generation_installed_capacity/','2024-03-28 19:54:30.564434'),(1107,'/api/get_energy_import_and_export/','2024-03-28 19:56:01.101745'),(1108,'/api/get_energy_production_and_inventory/','2024-03-28 19:56:01.113744'),(1109,'/api/get_energy_production_and_inventory/','2024-03-28 19:56:01.320746'),(1110,'/api/get_energy_import_and_export/','2024-03-28 19:56:01.405231'),(1111,'/api/get_energy_import_and_export/','2024-03-28 19:57:36.265233'),(1112,'/api/get_energy_production_and_inventory/','2024-03-28 19:57:36.277234'),(1113,'/api/get_energy_production_and_inventory/','2024-03-28 19:57:36.465232'),(1114,'/api/get_energy_import_and_export/','2024-03-28 19:57:36.544232'),(1115,'/api/get_energy_import_and_export/','2024-03-28 19:57:40.101220'),(1116,'/api/get_energy_import_and_export/','2024-03-28 19:57:40.102221'),(1117,'/api/get_energy_production_and_inventory/','2024-03-28 19:57:40.115220'),(1118,'/api/get_energy_production_and_inventory/','2024-03-28 19:57:40.120220'),(1119,'/api/get_power_generation_installed_capacity/','2024-03-28 19:59:16.331952'),(1120,'/api/get_energy_import_and_export/','2024-03-28 19:59:16.332952'),(1121,'/api/get_energy_production_and_inventory/','2024-03-28 19:59:16.351758'),(1122,'/api/get_energy_consumption/','2024-03-28 19:59:16.365756'),(1123,'/api/get_energy_import_and_export/','2024-03-28 19:59:17.887619'),(1124,'/api/get_power_generation_installed_capacity/','2024-03-28 19:59:17.889620'),(1125,'/api/get_energy_production_and_inventory/','2024-03-28 19:59:17.906619'),(1126,'/api/get_energy_consumption/','2024-03-28 19:59:17.923619'),(1127,'/api/get_energy_import_and_export/','2024-03-28 20:00:03.670899'),(1128,'/api/get_energy_production_and_inventory/','2024-03-28 20:00:03.683898'),(1129,'/api/get_energy_consumption/','2024-03-28 20:00:03.693898'),(1130,'/api/get_power_generation_installed_capacity/','2024-03-28 20:00:03.800897'),(1131,'/api/get_regional_resource_facilities/1/','2024-03-28 20:00:05.823405'),(1132,'/api/get_energy_import_and_export/','2024-03-28 20:00:11.250140'),(1133,'/api/get_energy_production_and_inventory/','2024-03-28 20:00:11.264141'),(1134,'/api/get_energy_consumption/','2024-03-28 20:00:11.271140'),(1135,'/api/get_power_generation_installed_capacity/','2024-03-28 20:00:11.388643'),(1136,'/api/get_energy_import_and_export/','2024-03-28 20:02:35.368747'),(1137,'/api/get_power_generation_installed_capacity/','2024-03-28 20:02:35.368747'),(1138,'/api/get_energy_production_and_inventory/','2024-03-28 20:02:35.387746'),(1139,'/api/get_energy_consumption/','2024-03-28 20:02:35.395747'),(1140,'/api/get_regional_resource_facilities/1/','2024-03-28 20:02:36.895524'),(1141,'/api/get_energy_import_and_export/','2024-03-28 20:02:41.467287'),(1142,'/api/get_energy_production_and_inventory/','2024-03-28 20:02:41.487287'),(1143,'/api/get_energy_consumption/','2024-03-28 20:02:41.494287'),(1144,'/api/get_power_generation_installed_capacity/','2024-03-28 20:02:41.581288'),(1145,'/api/get_energy_import_and_export/','2024-03-28 20:05:35.775382'),(1146,'/api/get_energy_production_and_inventory/','2024-03-28 20:05:35.790382'),(1147,'/api/get_energy_consumption/','2024-03-28 20:05:35.801381'),(1148,'/api/get_power_generation_installed_capacity/','2024-03-28 20:05:35.927384'),(1149,'/api/get_power_generation_installed_capacity/','2024-03-28 20:06:46.575435'),(1150,'/api/get_energy_import_and_export/','2024-03-28 20:06:46.577437'),(1151,'/api/get_energy_production_and_inventory/','2024-03-28 20:06:46.604435'),(1152,'/api/get_energy_consumption/','2024-03-28 20:06:46.604435'),(1153,'/api/get_regional_resource_facilities/1/','2024-03-28 20:07:08.398599'),(1154,'/api/get_power_generation_installed_capacity/','2024-03-28 20:13:39.257705'),(1155,'/api/get_energy_import_and_export/','2024-03-28 20:13:39.259705'),(1156,'/api/get_energy_production_and_inventory/','2024-03-28 20:13:39.278704'),(1157,'/api/get_energy_consumption/','2024-03-28 20:13:39.286704'),(1158,'/api/get_energy_import_and_export/','2024-03-28 20:13:45.180592'),(1159,'/api/get_energy_production_and_inventory/','2024-03-28 20:13:45.195592'),(1160,'/api/get_energy_consumption/','2024-03-28 20:13:45.205592'),(1161,'/api/get_power_generation_installed_capacity/','2024-03-28 20:13:45.302592'),(1162,'/api/get_regional_resource_facilities/1/','2024-03-28 20:16:32.550794'),(1163,'/api/renew/get_region_energy_production/13/','2024-03-28 20:16:51.677993'),(1164,'/api/get_energy_import_and_export/','2024-03-28 20:17:57.795945'),(1165,'/api/get_power_generation_installed_capacity/','2024-03-28 20:17:57.808946'),(1166,'/api/get_energy_production_and_inventory/','2024-03-28 20:17:57.816945'),(1167,'/api/get_energy_consumption/','2024-03-28 20:17:57.836944'),(1168,'/api/get_regional_resource_facilities/1/','2024-03-28 20:18:06.477024'),(1169,'/api/get_power_generation_installed_capacity/','2024-03-28 20:18:09.160198'),(1170,'/api/get_energy_import_and_export/','2024-03-28 20:18:09.161198'),(1171,'/api/get_energy_production_and_inventory/','2024-03-28 20:18:09.187198'),(1172,'/api/get_energy_consumption/','2024-03-28 20:18:09.193198'),(1173,'/api/get_regional_resource_facilities/1/','2024-03-28 20:18:10.895563'),(1174,'/api/renew/electric_field_fault/','2024-03-28 20:18:31.214976'),(1175,'/api/get_energy_import_and_export/','2024-03-28 20:18:31.774368'),(1176,'/api/get_power_generation_installed_capacity/','2024-03-28 20:18:31.774368'),(1177,'/api/get_energy_production_and_inventory/','2024-03-28 20:18:31.776368'),(1178,'/api/get_energy_consumption/','2024-03-28 20:18:31.792368'),(1179,'/api/get_energy_consumption/','2024-03-28 20:18:55.062157'),(1180,'/api/get_regional_resource_facilities/1/','2024-03-28 20:19:00.614090'),(1181,'/api/get_energy_import_and_export/','2024-03-28 20:19:18.115928'),(1182,'/api/get_power_generation_installed_capacity/','2024-03-28 20:19:18.117928'),(1183,'/api/get_energy_production_and_inventory/','2024-03-28 20:19:18.142928'),(1184,'/api/get_energy_consumption/','2024-03-28 20:19:18.149928'),(1185,'/api/get_energy_import_and_export/','2024-03-28 20:19:22.831322'),(1186,'/api/get_power_generation_installed_capacity/','2024-03-28 20:19:22.832322'),(1187,'/api/get_energy_production_and_inventory/','2024-03-28 20:19:22.848322'),(1188,'/api/get_energy_consumption/','2024-03-28 20:19:22.857321'),(1189,'/api/get_energy_import_and_export/','2024-03-28 20:20:03.134514'),(1190,'/api/get_power_generation_installed_capacity/','2024-03-28 20:20:03.134514'),(1191,'/api/get_energy_production_and_inventory/','2024-03-28 20:20:03.152514'),(1192,'/api/get_energy_consumption/','2024-03-28 20:20:03.160513'),(1193,'/api/get_regional_resource_facilities/1/','2024-03-28 20:20:16.490357'),(1194,'/api/get_energy_import_and_export/','2024-03-28 20:20:22.350257'),(1195,'/api/get_energy_production_and_inventory/','2024-03-28 20:20:22.368257'),(1196,'/api/get_energy_consumption/','2024-03-28 20:20:22.375257'),(1197,'/api/get_power_generation_installed_capacity/','2024-03-28 20:20:22.490257'),(1198,'/api/get_regional_resource_facilities/1/','2024-03-28 20:20:55.397357'),(1199,'/api/get_power_generation_installed_capacity/','2024-03-28 20:21:00.315070'),(1200,'/api/get_energy_import_and_export/','2024-03-28 20:21:00.316070'),(1201,'/api/get_energy_production_and_inventory/','2024-03-28 20:21:00.325069'),(1202,'/api/get_energy_consumption/','2024-03-28 20:21:00.344854'),(1203,'/api/get_power_generation_installed_capacity/','2024-03-28 20:22:30.138372'),(1204,'/api/get_energy_import_and_export/','2024-03-28 20:22:30.141373'),(1205,'/api/get_energy_production_and_inventory/','2024-03-28 20:22:30.172372'),(1206,'/api/get_energy_consumption/','2024-03-28 20:22:30.187372'),(1207,'/api/get_energy_import_and_export/','2024-03-28 20:24:06.228033'),(1208,'/api/get_power_generation_installed_capacity/','2024-03-28 20:24:06.229033'),(1209,'/api/get_energy_production_and_inventory/','2024-03-28 20:24:06.247034'),(1210,'/api/get_energy_consumption/','2024-03-28 20:24:06.256033'),(1211,'/api/get_energy_import_and_export/','2024-03-28 20:24:06.907279'),(1212,'/api/get_power_generation_installed_capacity/','2024-03-28 20:24:06.911280'),(1213,'/api/get_energy_production_and_inventory/','2024-03-28 20:24:06.932280'),(1214,'/api/get_energy_consumption/','2024-03-28 20:24:06.941281'),(1215,'/api/get_energy_import_and_export/','2024-03-28 20:24:26.537458'),(1216,'/api/get_energy_production_and_inventory/','2024-03-28 20:24:26.554458'),(1217,'/api/get_energy_production_and_inventory/','2024-03-28 20:24:26.555458'),(1218,'/api/get_energy_import_and_export/','2024-03-28 20:24:26.692964'),(1219,'/api/get_energy_import_and_export/','2024-03-28 20:25:20.540732'),(1220,'/api/get_energy_import_and_export/','2024-03-28 20:25:20.541732'),(1221,'/api/get_energy_production_and_inventory/','2024-03-28 20:25:20.556731'),(1222,'/api/get_energy_production_and_inventory/','2024-03-28 20:25:20.562731'),(1223,'/api/get_energy_import_and_export/','2024-03-28 20:26:35.580464'),(1224,'/api/get_energy_production_and_inventory/','2024-03-28 20:26:35.596465'),(1225,'/api/get_energy_production_and_inventory/','2024-03-28 20:26:35.837968'),(1226,'/api/get_energy_import_and_export/','2024-03-28 20:26:35.927553'),(1227,'/api/get_energy_import_and_export/','2024-03-28 20:27:21.451869'),(1228,'/api/get_energy_import_and_export/','2024-03-28 20:27:21.458869'),(1229,'/api/get_energy_production_and_inventory/','2024-03-28 20:27:21.466870'),(1230,'/api/get_energy_production_and_inventory/','2024-03-28 20:27:21.476869'),(1231,'/api/get_energy_import_and_export/','2024-03-28 20:27:41.456156'),(1232,'/api/get_energy_production_and_inventory/','2024-03-28 20:27:41.470156'),(1233,'/api/get_energy_production_and_inventory/','2024-03-28 20:27:41.760155'),(1234,'/api/get_energy_import_and_export/','2024-03-28 20:27:41.845155'),(1235,'/api/get_energy_import_and_export/','2024-03-28 20:27:53.469025'),(1236,'/api/get_energy_import_and_export/','2024-03-28 20:27:53.471025'),(1237,'/api/get_energy_production_and_inventory/','2024-03-28 20:27:53.480025'),(1238,'/api/get_energy_production_and_inventory/','2024-03-28 20:27:53.489026'),(1239,'/api/get_energy_import_and_export/','2024-03-28 20:28:12.107077'),(1240,'/api/get_energy_production_and_inventory/','2024-03-28 20:28:12.118077'),(1241,'/api/get_energy_production_and_inventory/','2024-03-28 20:28:12.218120'),(1242,'/api/get_energy_import_and_export/','2024-03-28 20:28:12.311079'),(1243,'/api/get_energy_import_and_export/','2024-03-28 20:28:45.950312'),(1244,'/api/get_energy_production_and_inventory/','2024-03-28 20:28:45.964311'),(1245,'/api/get_energy_import_and_export/','2024-03-28 20:28:46.031253'),(1246,'/api/get_energy_production_and_inventory/','2024-03-28 20:28:46.045252'),(1247,'/api/get_energy_import_and_export/','2024-03-28 20:28:51.289974'),(1248,'/api/get_energy_production_and_inventory/','2024-03-28 20:28:51.310976'),(1249,'/api/get_energy_production_and_inventory/','2024-03-28 20:28:51.561975'),(1250,'/api/get_energy_import_and_export/','2024-03-28 20:28:51.647974'),(1251,'/api/get_energy_import_and_export/','2024-03-28 20:28:58.702185'),(1252,'/api/get_energy_import_and_export/','2024-03-28 20:28:58.721185'),(1253,'/api/get_energy_production_and_inventory/','2024-03-28 20:28:58.727186'),(1254,'/api/get_energy_production_and_inventory/','2024-03-28 20:28:58.745184'),(1255,'/api/get_power_generation_installed_capacity/','2024-03-28 20:28:59.205069'),(1256,'/api/get_energy_import_and_export/','2024-03-28 20:28:59.206069'),(1257,'/api/get_energy_production_and_inventory/','2024-03-28 20:28:59.226191'),(1258,'/api/get_energy_consumption/','2024-03-28 20:28:59.233191'),(1259,'/api/get_energy_import_and_export/','2024-03-28 20:28:59.747630'),(1260,'/api/get_energy_production_and_inventory/','2024-03-28 20:28:59.757630'),(1261,'/api/get_energy_import_and_export/','2024-03-28 20:31:15.007922'),(1262,'/api/get_energy_import_and_export/','2024-03-28 20:31:15.018922'),(1263,'/api/get_energy_production_and_inventory/','2024-03-28 20:31:15.027921'),(1264,'/api/get_energy_production_and_inventory/','2024-03-28 20:31:15.036922'),(1265,'/api/get_energy_production_and_inventory/','2024-03-28 20:31:15.297921'),(1266,'/api/get_energy_import_and_export/','2024-03-28 20:31:15.382921'),(1267,'/api/get_energy_import_and_export/','2024-03-28 20:31:27.115283'),(1268,'/api/get_energy_import_and_export/','2024-03-28 20:31:27.126283'),(1269,'/api/get_energy_import_and_export/','2024-03-28 20:31:27.133282'),(1270,'/api/get_energy_production_and_inventory/','2024-03-28 20:31:27.138283'),(1271,'/api/get_energy_production_and_inventory/','2024-03-28 20:31:27.153284'),(1272,'/api/get_energy_production_and_inventory/','2024-03-28 20:31:27.166283'),(1273,'/api/get_energy_import_and_export/','2024-03-28 20:31:31.471793'),(1274,'/api/get_energy_import_and_export/','2024-03-28 20:31:31.480792'),(1275,'/api/get_energy_production_and_inventory/','2024-03-28 20:31:31.488792'),(1276,'/api/get_energy_production_and_inventory/','2024-03-28 20:31:31.499793'),(1277,'/api/get_energy_import_and_export/','2024-03-28 20:31:31.529792'),(1278,'/api/get_energy_production_and_inventory/','2024-03-28 20:31:31.548792'),(1279,'/api/get_energy_import_and_export/','2024-03-28 20:31:36.335651'),(1280,'/api/get_energy_import_and_export/','2024-03-28 20:31:36.337651'),(1281,'/api/get_energy_import_and_export/','2024-03-28 20:31:36.337651'),(1282,'/api/get_energy_production_and_inventory/','2024-03-28 20:31:36.357650'),(1283,'/api/get_energy_production_and_inventory/','2024-03-28 20:31:36.362650'),(1284,'/api/get_energy_production_and_inventory/','2024-03-28 20:31:36.362650'),(1285,'/api/get_energy_import_and_export/','2024-03-28 20:32:12.212894'),(1286,'/api/get_energy_import_and_export/','2024-03-28 20:32:12.229894'),(1287,'/api/get_energy_production_and_inventory/','2024-03-28 20:32:12.248895'),(1288,'/api/get_energy_production_and_inventory/','2024-03-28 20:32:12.253894'),(1289,'/api/get_energy_production_and_inventory/','2024-03-28 20:32:12.331894'),(1290,'/api/get_energy_import_and_export/','2024-03-28 20:32:12.423894'),(1291,'/api/get_energy_import_and_export/','2024-03-28 20:32:29.414859'),(1292,'/api/get_energy_import_and_export/','2024-03-28 20:32:29.431979'),(1293,'/api/get_energy_production_and_inventory/','2024-03-28 20:32:29.445661'),(1294,'/api/get_energy_production_and_inventory/','2024-03-28 20:32:29.464661'),(1295,'/api/get_energy_import_and_export/','2024-03-28 20:32:29.473661'),(1296,'/api/get_energy_production_and_inventory/','2024-03-28 20:32:29.498661'),(1297,'/api/get_energy_import_and_export/','2024-03-28 20:32:42.912834'),(1298,'/api/get_energy_import_and_export/','2024-03-28 20:32:42.926834'),(1299,'/api/get_energy_production_and_inventory/','2024-03-28 20:32:42.930833'),(1300,'/api/get_energy_production_and_inventory/','2024-03-28 20:32:42.941834'),(1301,'/api/get_energy_production_and_inventory/','2024-03-28 20:32:43.260834'),(1302,'/api/get_energy_import_and_export/','2024-03-28 20:32:43.331834'),(1303,'/api/get_energy_import_and_export/','2024-03-28 20:33:05.082371'),(1304,'/api/get_energy_import_and_export/','2024-03-28 20:33:05.085371'),(1305,'/api/get_energy_import_and_export/','2024-03-28 20:33:05.101372'),(1306,'/api/get_energy_production_and_inventory/','2024-03-28 20:33:05.110371'),(1307,'/api/get_energy_production_and_inventory/','2024-03-28 20:33:05.110371'),(1308,'/api/get_energy_production_and_inventory/','2024-03-28 20:33:05.124371'),(1309,'/api/get_energy_import_and_export/','2024-03-28 20:33:08.322102'),(1310,'/api/get_energy_import_and_export/','2024-03-28 20:33:08.337101'),(1311,'/api/get_energy_production_and_inventory/','2024-03-28 20:33:08.348102'),(1312,'/api/get_energy_production_and_inventory/','2024-03-28 20:33:08.369102'),(1313,'/api/get_energy_import_and_export/','2024-03-28 20:33:08.372102'),(1314,'/api/get_energy_production_and_inventory/','2024-03-28 20:33:08.396101'),(1315,'/api/get_energy_import_and_export/','2024-03-28 20:33:10.865432'),(1316,'/api/get_energy_import_and_export/','2024-03-28 20:33:10.879432'),(1317,'/api/get_energy_import_and_export/','2024-03-28 20:33:10.880432'),(1318,'/api/get_energy_production_and_inventory/','2024-03-28 20:33:10.894432'),(1319,'/api/get_energy_production_and_inventory/','2024-03-28 20:33:10.895432'),(1320,'/api/get_energy_production_and_inventory/','2024-03-28 20:33:10.899433'),(1321,'/api/get_energy_import_and_export/','2024-03-28 20:33:13.129866'),(1322,'/api/get_energy_import_and_export/','2024-03-28 20:33:13.133866'),(1323,'/api/get_energy_production_and_inventory/','2024-03-28 20:33:13.143866'),(1324,'/api/get_energy_production_and_inventory/','2024-03-28 20:33:13.162866'),(1325,'/api/get_energy_import_and_export/','2024-03-28 20:33:13.169866'),(1326,'/api/get_energy_production_and_inventory/','2024-03-28 20:33:13.199866'),(1327,'/api/get_energy_import_and_export/','2024-03-28 20:33:44.863488'),(1328,'/api/get_energy_import_and_export/','2024-03-28 20:33:44.867488'),(1329,'/api/get_energy_production_and_inventory/','2024-03-28 20:33:44.886657'),(1330,'/api/get_energy_production_and_inventory/','2024-03-28 20:33:44.887658'),(1331,'/api/get_energy_production_and_inventory/','2024-03-28 20:33:45.155791'),(1332,'/api/get_energy_import_and_export/','2024-03-28 20:33:45.234952'),(1333,'/api/get_energy_import_and_export/','2024-03-28 20:34:35.740865'),(1334,'/api/get_energy_import_and_export/','2024-03-28 20:34:35.752865'),(1335,'/api/get_energy_import_and_export/','2024-03-28 20:34:35.753866'),(1336,'/api/get_energy_production_and_inventory/','2024-03-28 20:34:35.768865'),(1337,'/api/get_energy_production_and_inventory/','2024-03-28 20:34:35.771864'),(1338,'/api/get_energy_production_and_inventory/','2024-03-28 20:34:35.781865'),(1339,'/api/get_energy_import_and_export/','2024-03-28 20:34:50.222226'),(1340,'/api/get_energy_import_and_export/','2024-03-28 20:34:50.225226'),(1341,'/api/get_energy_production_and_inventory/','2024-03-28 20:34:50.229226'),(1342,'/api/get_energy_production_and_inventory/','2024-03-28 20:34:50.236226'),(1343,'/api/get_energy_production_and_inventory/','2024-03-28 20:34:50.547226'),(1344,'/api/get_energy_import_and_export/','2024-03-28 20:34:50.626226'),(1345,'/api/get_energy_import_and_export/','2024-03-28 20:35:20.104053'),(1346,'/api/get_energy_import_and_export/','2024-03-28 20:35:20.105053'),(1347,'/api/get_energy_production_and_inventory/','2024-03-28 20:35:20.134053'),(1348,'/api/get_energy_production_and_inventory/','2024-03-28 20:35:20.137052'),(1349,'/api/get_energy_import_and_export/','2024-03-28 20:35:20.155052'),(1350,'/api/get_energy_production_and_inventory/','2024-03-28 20:35:20.173053'),(1351,'/api/get_energy_import_and_export/','2024-03-28 20:35:23.947474'),(1352,'/api/get_energy_import_and_export/','2024-03-28 20:35:23.981475'),(1353,'/api/get_energy_import_and_export/','2024-03-28 20:35:23.997475'),(1354,'/api/get_energy_production_and_inventory/','2024-03-28 20:35:24.002475'),(1355,'/api/get_energy_production_and_inventory/','2024-03-28 20:35:24.004475'),(1356,'/api/get_energy_production_and_inventory/','2024-03-28 20:35:24.005475'),(1357,'/api/get_energy_import_and_export/','2024-03-28 20:35:31.213616'),(1358,'/api/get_energy_production_and_inventory/','2024-03-28 20:35:31.231798'),(1359,'/api/get_energy_production_and_inventory/','2024-03-28 20:35:31.238798'),(1360,'/api/get_energy_import_and_export/','2024-03-28 20:35:31.335979'),(1361,'/api/get_energy_import_and_export/','2024-03-28 20:35:42.729558'),(1362,'/api/get_energy_import_and_export/','2024-03-28 20:35:42.744559'),(1363,'/api/get_energy_production_and_inventory/','2024-03-28 20:35:42.757559'),(1364,'/api/get_energy_production_and_inventory/','2024-03-28 20:35:42.785558'),(1365,'/api/get_energy_import_and_export/','2024-03-28 20:35:46.701534'),(1366,'/api/get_energy_import_and_export/','2024-03-28 20:35:46.702534'),(1367,'/api/get_energy_production_and_inventory/','2024-03-28 20:35:46.715534'),(1368,'/api/get_energy_production_and_inventory/','2024-03-28 20:35:46.717533'),(1369,'/api/get_energy_import_and_export/','2024-03-28 20:35:54.467891'),(1370,'/api/get_energy_production_and_inventory/','2024-03-28 20:35:54.478891'),(1371,'/api/get_energy_production_and_inventory/','2024-03-28 20:35:54.804890'),(1372,'/api/get_energy_import_and_export/','2024-03-28 20:35:54.894890'),(1373,'/api/get_power_generation_installed_capacity/','2024-03-28 20:35:59.266639'),(1374,'/api/get_energy_import_and_export/','2024-03-28 20:36:05.253231'),(1375,'/api/get_energy_production_and_inventory/','2024-03-28 20:36:05.264231'),(1376,'/api/get_energy_import_and_export/','2024-03-28 20:36:05.447231'),(1377,'/api/get_energy_production_and_inventory/','2024-03-28 20:36:05.458231'),(1378,'/api/get_energy_import_and_export/','2024-03-28 20:36:13.760107'),(1379,'/api/get_energy_production_and_inventory/','2024-03-28 20:36:13.775106'),(1380,'/api/get_energy_production_and_inventory/','2024-03-28 20:36:13.790108'),(1381,'/api/get_energy_import_and_export/','2024-03-28 20:36:13.913106'),(1382,'/api/get_energy_import_and_export/','2024-03-28 20:36:25.137934'),(1383,'/api/get_energy_production_and_inventory/','2024-03-28 20:36:25.156933'),(1384,'/api/get_energy_consumption/','2024-03-28 20:36:25.161933'),(1385,'/api/get_power_generation_installed_capacity/','2024-03-28 20:36:25.307933'),(1386,'/api/get_energy_import_and_export/','2024-03-28 20:36:47.140911'),(1387,'/api/get_energy_import_and_export/','2024-03-28 20:36:47.144911'),(1388,'/api/get_energy_production_and_inventory/','2024-03-28 20:36:47.164911'),(1389,'/api/get_energy_production_and_inventory/','2024-03-28 20:36:47.165911'),(1390,'/api/get_energy_import_and_export/','2024-03-28 20:37:07.884500'),(1391,'/api/get_energy_production_and_inventory/','2024-03-28 20:37:07.898499'),(1392,'/api/get_energy_production_and_inventory/','2024-03-28 20:37:08.252500'),(1393,'/api/get_energy_import_and_export/','2024-03-28 20:37:08.339500'),(1394,'/api/get_energy_import_and_export/','2024-03-28 20:37:35.624695'),(1395,'/api/get_energy_import_and_export/','2024-03-28 20:37:35.635696'),(1396,'/api/get_energy_production_and_inventory/','2024-03-28 20:37:35.651696'),(1397,'/api/get_energy_production_and_inventory/','2024-03-28 20:37:35.654696'),(1398,'/api/get_energy_import_and_export/','2024-03-28 20:38:12.958551'),(1399,'/api/get_energy_production_and_inventory/','2024-03-28 20:38:12.972551'),(1400,'/api/get_energy_production_and_inventory/','2024-03-28 20:38:13.288556'),(1401,'/api/get_energy_import_and_export/','2024-03-28 20:38:13.377555'),(1402,'/api/get_energy_import_and_export/','2024-03-28 20:38:34.213231'),(1403,'/api/get_energy_import_and_export/','2024-03-28 20:38:34.214231'),(1404,'/api/get_energy_production_and_inventory/','2024-03-28 20:38:34.235231'),(1405,'/api/get_energy_production_and_inventory/','2024-03-28 20:38:34.236230'),(1406,'/api/get_energy_import_and_export/','2024-03-28 20:38:44.753811'),(1407,'/api/get_energy_production_and_inventory/','2024-03-28 20:38:44.764811'),(1408,'/api/get_energy_production_and_inventory/','2024-03-28 20:38:44.866811'),(1409,'/api/get_energy_import_and_export/','2024-03-28 20:38:44.955811'),(1410,'/api/get_energy_import_and_export/','2024-03-28 20:39:06.159881'),(1411,'/api/get_energy_import_and_export/','2024-03-28 20:39:06.159881'),(1412,'/api/get_energy_production_and_inventory/','2024-03-28 20:39:06.174882'),(1413,'/api/get_energy_production_and_inventory/','2024-03-28 20:39:06.176882'),(1414,'/api/get_energy_import_and_export/','2024-03-28 20:39:17.945686'),(1415,'/api/get_energy_production_and_inventory/','2024-03-28 20:39:17.958687'),(1416,'/api/get_energy_production_and_inventory/','2024-03-28 20:39:18.255687'),(1417,'/api/get_energy_import_and_export/','2024-03-28 20:39:18.354686'),(1418,'/api/get_energy_import_and_export/','2024-03-28 20:39:30.243784'),(1419,'/api/get_energy_production_and_inventory/','2024-03-28 20:39:30.255785'),(1420,'/api/get_energy_import_and_export/','2024-03-28 20:39:30.320785'),(1421,'/api/get_energy_production_and_inventory/','2024-03-28 20:39:30.334786'),(1422,'/api/get_energy_import_and_export/','2024-03-28 20:39:49.288702'),(1423,'/api/get_energy_production_and_inventory/','2024-03-28 20:39:49.303703'),(1424,'/api/get_energy_production_and_inventory/','2024-03-28 20:39:49.389702'),(1425,'/api/get_energy_import_and_export/','2024-03-28 20:39:49.477702'),(1426,'/api/get_energy_import_and_export/','2024-03-28 20:40:30.908357'),(1427,'/api/get_energy_production_and_inventory/','2024-03-28 20:40:30.937358'),(1428,'/api/get_energy_import_and_export/','2024-03-28 20:40:30.968358'),(1429,'/api/get_energy_production_and_inventory/','2024-03-28 20:40:30.985357'),(1430,'/api/get_energy_import_and_export/','2024-03-28 20:41:24.857025'),(1431,'/api/get_power_generation_installed_capacity/','2024-03-28 20:41:24.859025'),(1432,'/api/get_energy_production_and_inventory/','2024-03-28 20:41:24.878025'),(1433,'/api/get_energy_consumption/','2024-03-28 20:41:24.885024'),(1434,'/api/get_energy_import_and_export/','2024-03-28 20:41:37.090828'),(1435,'/api/get_energy_production_and_inventory/','2024-03-28 20:41:37.104829'),(1436,'/api/get_energy_production_and_inventory/','2024-03-28 20:41:37.112827'),(1437,'/api/get_energy_import_and_export/','2024-03-28 20:41:37.239103'),(1438,'/api/get_energy_import_and_export/','2024-03-28 20:42:19.473397'),(1439,'/api/get_energy_consumption/','2024-03-28 20:42:25.348908'),(1440,'/api/get_energy_production_and_inventory/','2024-03-28 20:42:34.831740'),(1441,'/api/get_energy_import_and_export/','2024-03-28 20:42:36.823764'),(1442,'/api/get_power_generation_installed_capacity/','2024-03-28 20:42:36.824763'),(1443,'/api/get_energy_production_and_inventory/','2024-03-28 20:42:36.855936'),(1444,'/api/get_energy_consumption/','2024-03-28 20:42:36.876936'),(1445,'/api/get_mineral_develop/13/','2024-03-28 20:42:47.005508'),(1446,'/api/get_mineral_develop/1/','2024-03-28 20:42:50.561350'),(1447,'/api/get_energy_import_and_export/','2024-03-28 20:42:53.020209'),(1448,'/api/get_power_generation_installed_capacity/','2024-03-28 20:42:53.030210'),(1449,'/api/get_energy_production_and_inventory/','2024-03-28 20:42:53.063260'),(1450,'/api/get_energy_consumption/','2024-03-28 20:42:53.078260'),(1451,'/api/get_regional_resource_facilities/1/','2024-03-28 20:42:57.661825'),(1452,'/api/get_energy_import_and_export/','2024-03-28 20:43:05.212852'),(1453,'/api/get_energy_production_and_inventory/','2024-03-28 20:43:05.223852'),(1454,'/api/get_power_generation_installed_capacity/','2024-03-28 20:43:05.321852'),(1455,'/api/get_energy_consumption/','2024-03-28 20:43:05.333852'),(1456,'/api/get_regional_resource_facilities/1/','2024-03-28 20:43:07.492473'),(1457,'/api/get_power_generation_installed_capacity/','2024-03-28 20:43:48.499281'),(1458,'/api/get_regional_resource_facilities/1/','2024-03-28 20:44:00.103710'),(1459,'/api/get_energy_import_and_export/','2024-03-28 20:49:26.864746'),(1460,'/api/get_power_generation_installed_capacity/','2024-03-28 20:49:26.882747'),(1461,'/api/get_energy_production_and_inventory/','2024-03-28 20:49:26.889746'),(1462,'/api/get_energy_consumption/','2024-03-28 20:49:26.922746'),(1463,'/api/get_energy_import_and_export/','2024-03-28 20:49:30.690062'),(1464,'/api/get_power_generation_installed_capacity/','2024-03-28 20:49:30.707061'),(1465,'/api/get_energy_production_and_inventory/','2024-03-28 20:49:30.744063'),(1466,'/api/get_energy_consumption/','2024-03-28 20:49:30.750061'),(1467,'/api/get_power_generation_installed_capacity/','2024-03-28 20:49:32.515484'),(1468,'/api/get_energy_import_and_export/','2024-03-28 20:49:32.516486'),(1469,'/api/get_energy_production_and_inventory/','2024-03-28 20:49:32.542484'),(1470,'/api/get_energy_consumption/','2024-03-28 20:49:32.563485'),(1471,'/api/get_energy_import_and_export/','2024-03-28 20:49:34.208777'),(1472,'/api/get_power_generation_installed_capacity/','2024-03-28 20:49:34.213777'),(1473,'/api/get_energy_production_and_inventory/','2024-03-28 20:49:34.243777'),(1474,'/api/get_energy_consumption/','2024-03-28 20:49:34.253777'),(1475,'/api/get_energy_import_and_export/','2024-03-28 20:49:49.812825'),(1476,'/api/get_power_generation_installed_capacity/','2024-03-28 20:49:49.821826'),(1477,'/api/get_energy_production_and_inventory/','2024-03-28 20:49:49.847827'),(1478,'/api/get_energy_consumption/','2024-03-28 20:49:49.862826'),(1479,'/api/get_energy_import_and_export/','2024-03-28 20:56:24.458843'),(1480,'/api/get_energy_production_and_inventory/','2024-03-28 20:56:24.479845'),(1481,'/api/get_energy_consumption/','2024-03-28 20:56:24.488844'),(1482,'/api/get_power_generation_installed_capacity/','2024-03-28 20:56:24.610844'),(1483,'/api/get_energy_import_and_export/','2024-03-28 20:58:05.995076'),(1484,'/api/get_power_generation_installed_capacity/','2024-03-28 20:58:05.997077'),(1485,'/api/get_energy_production_and_inventory/','2024-03-28 20:58:06.019075'),(1486,'/api/get_energy_consumption/','2024-03-28 20:58:06.029075'),(1487,'/api/get_power_generation_installed_capacity/','2024-03-28 20:59:07.141667'),(1488,'/api/get_energy_import_and_export/','2024-03-28 20:59:07.143668'),(1489,'/api/get_energy_production_and_inventory/','2024-03-28 20:59:07.167667'),(1490,'/api/get_energy_consumption/','2024-03-28 20:59:07.177667'),(1491,'/api/get_power_generation_installed_capacity/','2024-03-28 20:59:10.667584'),(1492,'/api/get_energy_import_and_export/','2024-03-28 20:59:10.668583'),(1493,'/api/get_energy_production_and_inventory/','2024-03-28 20:59:10.685583'),(1494,'/api/get_energy_consumption/','2024-03-28 20:59:10.696584'),(1495,'/api/get_energy_import_and_export/','2024-03-28 21:02:32.403181'),(1496,'/api/get_power_generation_installed_capacity/','2024-03-28 21:02:32.404182'),(1497,'/api/get_energy_production_and_inventory/','2024-03-28 21:02:32.424182'),(1498,'/api/get_energy_consumption/','2024-03-28 21:02:32.434182'),(1499,'/api/get_energy_import_and_export/','2024-03-28 21:03:13.208084'),(1500,'/api/get_power_generation_installed_capacity/','2024-03-28 21:03:13.209085'),(1501,'/api/get_energy_production_and_inventory/','2024-03-28 21:03:13.228084'),(1502,'/api/get_energy_consumption/','2024-03-28 21:03:13.237084'),(1503,'/api/get_regional_resource_facilities/1/','2024-03-28 21:03:15.066105'),(1504,'/api/get_regional_resource_facilities/1/','2024-03-28 21:05:22.610047'),(1505,'/api/get_energy_import_and_export/','2024-03-28 21:05:34.331802'),(1506,'/api/get_power_generation_installed_capacity/','2024-03-28 21:05:34.332802'),(1507,'/api/get_energy_production_and_inventory/','2024-03-28 21:05:34.353802'),(1508,'/api/get_energy_consumption/','2024-03-28 21:05:34.361803'),(1509,'/api/get_energy_production_and_inventory/','2024-03-28 21:05:39.505231'),(1510,'/api/get_energy_consumption/','2024-03-28 21:05:39.510231'),(1511,'/api/get_power_generation_installed_capacity/','2024-03-28 21:05:39.596232'),(1512,'/api/get_energy_import_and_export/','2024-03-28 21:05:39.605232'),(1513,'/api/get_energy_import_and_export/','2024-03-28 21:05:41.643772'),(1514,'/api/get_power_generation_installed_capacity/','2024-03-28 21:05:41.645771'),(1515,'/api/get_energy_production_and_inventory/','2024-03-28 21:05:41.661770'),(1516,'/api/get_energy_consumption/','2024-03-28 21:05:41.674771'),(1517,'/api/get_regional_resource_facilities/1/','2024-03-28 21:05:44.251771'),(1518,'/api/get_regional_resource_facilities/1/','2024-03-28 21:05:53.069661'),(1519,'/api/get_power_generation_installed_capacity/','2024-03-28 21:06:02.313683'),(1520,'/api/get_energy_import_and_export/','2024-03-28 21:06:02.314683'),(1521,'/api/get_energy_production_and_inventory/','2024-03-28 21:06:02.324683'),(1522,'/api/get_energy_consumption/','2024-03-28 21:06:02.342684'),(1523,'/api/get_power_generation_installed_capacity/','2024-03-28 21:06:21.520807'),(1524,'/api/get_energy_import_and_export/','2024-03-28 21:06:21.521806'),(1525,'/api/get_energy_production_and_inventory/','2024-03-28 21:06:21.534807'),(1526,'/api/get_energy_consumption/','2024-03-28 21:06:21.550807'),(1527,'/api/get_regional_resource_facilities/1/','2024-03-28 21:06:23.071103'),(1528,'/api/get_regional_resource_facilities/1/','2024-03-28 21:06:40.398414'),(1529,'/api/get_regional_resource_facilities/1/','2024-03-28 21:07:51.189551'),(1530,'/api/get_regional_resource_facilities/1/','2024-03-28 21:07:57.756346'),(1531,'/api/get_regional_resource_facilities/1/','2024-03-28 21:08:32.718600'),(1532,'/api/get_energy_import_and_export/','2024-03-28 21:09:47.209067'),(1533,'/api/get_power_generation_installed_capacity/','2024-03-28 21:09:47.212068'),(1534,'/api/get_energy_production_and_inventory/','2024-03-28 21:09:47.232068'),(1535,'/api/get_energy_consumption/','2024-03-28 21:09:47.238067'),(1536,'/api/get_regional_resource_facilities/1/','2024-03-28 21:11:37.592262'),(1537,'/api/get_energy_import_and_export/','2024-03-28 21:12:11.980206'),(1538,'/api/get_power_generation_installed_capacity/','2024-03-28 21:12:11.981206'),(1539,'/api/get_energy_production_and_inventory/','2024-03-28 21:12:11.998206'),(1540,'/api/get_energy_consumption/','2024-03-28 21:12:12.007206'),(1541,'/api/get_regional_resource_facilities/1/','2024-03-28 21:12:51.175606'),(1542,'/api/get_regional_resource_facilities/1/','2024-03-28 21:13:06.794223'),(1543,'/api/get_regional_resource_facilities/1/','2024-03-28 21:14:05.425482'),(1544,'/api/get_energy_production_and_inventory/','2024-03-28 21:15:36.869841'),(1545,'/api/get_energy_import_and_export/','2024-03-28 21:15:36.956841'),(1546,'/api/get_energy_consumption/','2024-03-28 21:15:37.042841'),(1547,'/api/get_power_generation_installed_capacity/','2024-03-28 21:15:37.151841'),(1548,'/api/get_regional_resource_facilities/1/','2024-03-28 21:15:42.071688'),(1549,'/api/get_power_generation_installed_capacity/','2024-03-28 21:15:51.707459'),(1550,'/api/get_energy_import_and_export/','2024-03-28 21:15:51.712458'),(1551,'/api/get_energy_production_and_inventory/','2024-03-28 21:15:51.723460'),(1552,'/api/get_energy_consumption/','2024-03-28 21:15:51.746806'),(1553,'/api/get_regional_resource_facilities/1/','2024-03-28 21:15:56.317218'),(1554,'/api/get_energy_import_and_export/','2024-03-28 21:16:02.583604'),(1555,'/api/get_energy_production_and_inventory/','2024-03-28 21:16:02.599604'),(1556,'/api/get_energy_consumption/','2024-03-28 21:16:02.606603'),(1557,'/api/get_power_generation_installed_capacity/','2024-03-28 21:16:02.726603'),(1558,'/api/get_energy_import_and_export/','2024-03-28 21:16:12.848028'),(1559,'/api/get_energy_production_and_inventory/','2024-03-28 21:16:12.856029'),(1560,'/api/get_power_generation_installed_capacity/','2024-03-28 21:16:13.003032'),(1561,'/api/get_energy_consumption/','2024-03-28 21:16:13.019032'),(1562,'/api/get_energy_import_and_export/','2024-03-28 21:16:22.049189'),(1563,'/api/get_energy_production_and_inventory/','2024-03-28 21:16:22.071189'),(1564,'/api/get_power_generation_installed_capacity/','2024-03-28 21:16:22.331188'),(1565,'/api/get_energy_consumption/','2024-03-28 21:16:22.354190'),(1566,'/api/get_energy_import_and_export/','2024-03-28 21:16:27.245858'),(1567,'/api/get_energy_production_and_inventory/','2024-03-28 21:16:27.255858'),(1568,'/api/get_power_generation_installed_capacity/','2024-03-28 21:16:27.350859'),(1569,'/api/get_energy_consumption/','2024-03-28 21:16:27.360859'),(1570,'/api/get_energy_import_and_export/','2024-03-28 21:16:35.323864'),(1571,'/api/get_power_generation_installed_capacity/','2024-03-28 21:16:35.324867'),(1572,'/api/get_energy_production_and_inventory/','2024-03-28 21:16:35.339865'),(1573,'/api/get_energy_consumption/','2024-03-28 21:16:35.353866'),(1574,'/api/get_energy_import_and_export/','2024-03-28 21:16:36.562966'),(1575,'/api/get_energy_production_and_inventory/','2024-03-28 21:16:36.571964'),(1576,'/api/get_power_generation_installed_capacity/','2024-03-28 21:16:36.680161'),(1577,'/api/get_energy_consumption/','2024-03-28 21:16:36.694161'),(1578,'/api/get_power_generation_installed_capacity/','2024-03-28 21:16:39.099234'),(1579,'/api/get_energy_import_and_export/','2024-03-28 21:16:39.101233'),(1580,'/api/get_energy_production_and_inventory/','2024-03-28 21:16:39.116234'),(1581,'/api/get_energy_consumption/','2024-03-28 21:16:39.128233'),(1582,'/api/get_energy_import_and_export/','2024-03-28 21:16:44.985631'),(1583,'/api/get_energy_production_and_inventory/','2024-03-28 21:16:44.999631'),(1584,'/api/get_power_generation_installed_capacity/','2024-03-28 21:16:45.110630'),(1585,'/api/get_energy_consumption/','2024-03-28 21:16:45.119630'),(1586,'/api/get_power_generation_installed_capacity/','2024-03-28 21:16:50.974880'),(1587,'/api/get_energy_import_and_export/','2024-03-28 21:16:50.974880'),(1588,'/api/get_energy_production_and_inventory/','2024-03-28 21:16:50.996880'),(1589,'/api/get_energy_consumption/','2024-03-28 21:16:50.997880'),(1590,'/api/get_energy_import_and_export/','2024-03-28 21:16:57.859597'),(1591,'/api/get_energy_production_and_inventory/','2024-03-28 21:16:57.874597'),(1592,'/api/get_energy_consumption/','2024-03-28 21:16:57.881598'),(1593,'/api/get_power_generation_installed_capacity/','2024-03-28 21:16:57.999599'),(1594,'/api/get_energy_import_and_export/','2024-03-28 21:17:02.106582'),(1595,'/api/get_power_generation_installed_capacity/','2024-03-28 21:17:02.110582'),(1596,'/api/get_energy_production_and_inventory/','2024-03-28 21:17:02.130595'),(1597,'/api/get_energy_consumption/','2024-03-28 21:17:02.138583'),(1598,'/api/get_energy_import_and_export/','2024-03-28 21:17:05.965117'),(1599,'/api/get_power_generation_installed_capacity/','2024-03-28 21:17:05.965117'),(1600,'/api/get_energy_production_and_inventory/','2024-03-28 21:17:05.984116'),(1601,'/api/get_energy_consumption/','2024-03-28 21:17:05.992116'),(1602,'/api/get_energy_import_and_export/','2024-03-28 21:17:10.986014'),(1603,'/api/get_power_generation_installed_capacity/','2024-03-28 21:17:10.987013'),(1604,'/api/get_energy_production_and_inventory/','2024-03-28 21:17:11.008013'),(1605,'/api/get_energy_consumption/','2024-03-28 21:17:11.015013'),(1606,'/api/get_regional_resource_facilities/1/','2024-03-28 21:17:22.201675'),(1607,'/api/get_regional_resource_facilities/1/','2024-03-28 21:18:34.686631'),(1608,'/api/get_regional_resource_facilities/1/','2024-03-28 21:19:22.292972'),(1609,'/api/get_energy_import_and_export/','2024-03-28 21:20:50.145529'),(1610,'/api/get_power_generation_installed_capacity/','2024-03-28 21:20:50.146529'),(1611,'/api/get_energy_production_and_inventory/','2024-03-28 21:20:50.173529'),(1612,'/api/get_energy_consumption/','2024-03-28 21:20:50.185528'),(1613,'/api/get_regional_resource_facilities/1/','2024-03-28 21:20:52.239378'),(1614,'/api/get_regional_resource_facilities/1/','2024-03-28 21:21:26.532020'),(1615,'/api/get_regional_resource_facilities/1/','2024-03-28 21:21:39.789101'),(1616,'/api/get_regional_resource_facilities/1/','2024-03-28 21:22:06.082163'),(1617,'/api/get_energy_import_and_export/','2024-03-28 21:22:28.478506'),(1618,'/api/get_power_generation_installed_capacity/','2024-03-28 21:22:28.484504'),(1619,'/api/get_energy_production_and_inventory/','2024-03-28 21:22:28.506504'),(1620,'/api/get_energy_consumption/','2024-03-28 21:22:28.515504'),(1621,'/api/get_regional_resource_facilities/1/','2024-03-28 21:23:12.774609'),(1622,'/api/get_energy_import_and_export/','2024-03-28 21:26:45.156032'),(1623,'/api/get_energy_production_and_inventory/','2024-03-28 21:26:45.178589'),(1624,'/api/get_energy_import_and_export/','2024-03-28 21:26:45.297734'),(1625,'/api/get_energy_production_and_inventory/','2024-03-28 21:26:45.326730'),(1626,'/api/get_energy_import_and_export/','2024-03-28 21:26:45.576797'),(1627,'/api/get_energy_production_and_inventory/','2024-03-28 21:26:45.588413'),(1628,'/api/get_energy_import_and_export/','2024-03-28 21:26:45.681069'),(1629,'/api/get_energy_production_and_inventory/','2024-03-28 21:26:45.711069'),(1630,'/api/get_energy_import_and_export/','2024-03-28 21:26:46.142393'),(1631,'/api/get_energy_production_and_inventory/','2024-03-28 21:26:46.154984'),(1632,'/api/get_energy_import_and_export/','2024-03-28 21:26:46.245355'),(1633,'/api/get_energy_production_and_inventory/','2024-03-28 21:26:46.266355'),(1634,'/api/get_energy_import_and_export/','2024-03-28 21:26:46.467042'),(1635,'/api/get_energy_production_and_inventory/','2024-03-28 21:26:46.481757'),(1636,'/api/get_energy_import_and_export/','2024-03-28 21:26:46.576061'),(1637,'/api/get_energy_production_and_inventory/','2024-03-28 21:26:46.599061'),(1638,'/api/get_energy_import_and_export/','2024-03-28 21:26:46.655061'),(1639,'/api/get_energy_production_and_inventory/','2024-03-28 21:26:46.731466'),(1640,'/api/get_energy_import_and_export/','2024-03-28 21:26:46.765925'),(1641,'/api/get_energy_production_and_inventory/','2024-03-28 21:26:46.848347'),(1642,'/api/get_energy_import_and_export/','2024-03-28 21:26:47.044723'),(1643,'/api/get_energy_production_and_inventory/','2024-03-28 21:26:47.060185'),(1644,'/api/get_energy_import_and_export/','2024-03-28 21:26:47.184230'),(1645,'/api/get_energy_production_and_inventory/','2024-03-28 21:26:47.194231'),(1646,'/api/get_energy_import_and_export/','2024-03-28 21:26:47.404784'),(1647,'/api/get_energy_production_and_inventory/','2024-03-28 21:26:47.417784'),(1648,'/api/get_energy_import_and_export/','2024-03-28 21:26:47.504175'),(1649,'/api/get_energy_production_and_inventory/','2024-03-28 21:26:47.533175'),(1650,'/api/get_energy_import_and_export/','2024-03-28 21:26:47.664176'),(1651,'/api/get_energy_production_and_inventory/','2024-03-28 21:26:47.680461'),(1652,'/api/get_energy_import_and_export/','2024-03-28 21:26:48.470030'),(1653,'/api/get_energy_production_and_inventory/','2024-03-28 21:26:48.480449'),(1654,'/api/get_energy_import_and_export/','2024-03-28 21:26:48.573626'),(1655,'/api/get_energy_production_and_inventory/','2024-03-28 21:26:48.598451'),(1656,'/api/get_energy_import_and_export/','2024-03-28 21:26:48.758651'),(1657,'/api/get_energy_production_and_inventory/','2024-03-28 21:26:48.773228'),(1658,'/api/get_energy_import_and_export/','2024-03-28 21:26:49.076794'),(1659,'/api/get_energy_production_and_inventory/','2024-03-28 21:26:49.087962'),(1660,'/api/get_energy_import_and_export/','2024-03-28 21:26:49.170888'),(1661,'/api/get_energy_production_and_inventory/','2024-03-28 21:26:49.201450'),(1662,'/api/get_energy_import_and_export/','2024-03-28 21:38:15.776131'),(1663,'/api/get_energy_production_and_inventory/','2024-03-28 21:38:15.794130'),(1664,'/api/get_energy_consumption/','2024-03-28 21:38:15.803131'),(1665,'/api/get_power_generation_installed_capacity/','2024-03-28 21:38:15.888131'),(1666,'/api/get_energy_import_and_export/','2024-03-28 21:38:37.925700'),(1667,'/api/get_energy_import_and_export/','2024-03-28 21:38:37.926701'),(1668,'/api/get_energy_production_and_inventory/','2024-03-28 21:38:37.951428'),(1669,'/api/get_energy_production_and_inventory/','2024-03-28 21:38:37.951428'),(1670,'/api/get_energy_import_and_export/','2024-03-28 21:38:51.912877'),(1671,'/api/get_energy_production_and_inventory/','2024-03-28 21:38:51.921877'),(1672,'/api/get_energy_production_and_inventory/','2024-03-28 21:38:51.928876'),(1673,'/api/get_energy_import_and_export/','2024-03-28 21:38:52.046876'),(1674,'/api/get_regional_resource_facilities/1/','2024-03-28 21:40:20.202984'),(1675,'/api/get_energy_production_and_inventory/','2024-03-28 21:40:28.971066'),(1676,'/api/get_energy_import_and_export/','2024-03-28 21:40:29.090919'),(1677,'/api/get_energy_consumption/','2024-03-28 21:40:29.172883'),(1678,'/api/get_power_generation_installed_capacity/','2024-03-28 21:40:29.261883'),(1679,'/api/get_energy_import_and_export/','2024-03-28 21:41:34.013516'),(1680,'/api/get_energy_production_and_inventory/','2024-03-28 21:41:34.027517'),(1681,'/api/get_energy_production_and_inventory/','2024-03-28 21:41:34.258599'),(1682,'/api/get_energy_import_and_export/','2024-03-28 21:41:34.358602'),(1683,'/api/get_regional_resource_facilities/1/','2024-03-28 21:46:47.620106'),(1684,'/api/get_energy_import_and_export/','2024-03-28 21:46:50.633798'),(1685,'/api/get_energy_production_and_inventory/','2024-03-28 21:46:50.642798'),(1686,'/api/get_power_generation_installed_capacity/','2024-03-28 21:46:50.740798'),(1687,'/api/get_energy_consumption/','2024-03-28 21:46:50.751798'),(1688,'/api/get_regional_resource_facilities/1/','2024-03-28 21:46:59.020983'),(1689,'/api/renew/electric_field_fault/','2024-03-28 21:47:09.293083'),(1690,'/api/renew/get_region_energy_production/1/','2024-03-28 21:47:17.154694'),(1691,'/api/get_power_generation_installed_capacity/','2024-03-28 21:49:09.491705'),(1692,'/api/get_energy_import_and_export/','2024-03-28 21:49:09.494705'),(1693,'/api/get_energy_production_and_inventory/','2024-03-28 21:49:09.510705'),(1694,'/api/get_energy_consumption/','2024-03-28 21:49:09.522705'),(1695,'/api/get_power_generation_installed_capacity/','2024-03-28 21:49:09.623706'),(1696,'/api/get_energy_import_and_export/','2024-03-28 21:49:09.672706'),(1697,'/api/get_energy_production_and_inventory/','2024-03-28 21:49:09.760706'),(1698,'/api/get_energy_production_and_inventory/','2024-03-28 21:49:09.771706'),(1699,'/api/get_energy_consumption/','2024-03-28 21:49:09.779705'),(1700,'/api/get_energy_import_and_export/','2024-03-28 21:49:09.943709'),(1701,'/api/get_power_generation_installed_capacity/','2024-03-28 21:49:11.458090'),(1702,'/api/get_energy_import_and_export/','2024-03-28 21:49:11.460089'),(1703,'/api/get_energy_production_and_inventory/','2024-03-28 21:49:11.484090'),(1704,'/api/get_energy_consumption/','2024-03-28 21:49:11.493090'),(1705,'/api/get_regional_resource_facilities/1/','2024-03-28 21:49:55.978201'),(1706,'/api/renew/get_region_energy_production/1/','2024-03-28 21:49:55.980201'),(1707,'/api/get_regional_resource_facilities/1/','2024-03-28 21:49:57.826922'),(1708,'/api/renew/get_region_energy_production/1/','2024-03-28 21:49:57.827921'),(1709,'/api/get_regional_resource_facilities/1/','2024-03-28 21:50:33.323491'),(1710,'/api/get_regional_resource_facilities/1/','2024-03-28 21:50:55.408842'),(1711,'/api/renew/get_region_energy_production/1/','2024-03-28 21:50:55.410841'),(1712,'/api/renew/get_region_energy_production/1/','2024-03-28 21:51:08.227090'),(1713,'/api/renew/get_region_energy_production/1/','2024-03-28 21:51:10.244644'),(1714,'/api/get_regional_resource_facilities/1/','2024-03-28 21:51:13.987083'),(1715,'/api/renew/get_region_energy_production/1/','2024-03-28 21:51:13.987083'),(1716,'/api/renew/get_region_energy_production/1/','2024-03-28 21:51:32.872797'),(1717,'/api/renew/get_region_energy_production/1/','2024-03-28 21:51:39.906276'),(1718,'/api/renew/get_region_energy_production/1/','2024-03-28 21:51:55.814856'),(1719,'/api/renew/get_region_energy_production/1/','2024-03-28 21:52:05.471093'),(1720,'/api/renew/get_region_energy_production/1/','2024-03-28 21:52:14.985246'),(1721,'/api/renew/get_region_energy_production/1/','2024-03-28 21:52:33.914615'),(1722,'/api/renew/get_region_energy_production/1/','2024-03-28 21:53:29.725445'),(1723,'/api/get_regional_resource_facilities/1/','2024-03-28 21:55:04.293247'),(1724,'/api/renew/get_region_energy_production/1/','2024-03-28 21:55:04.296248'),(1725,'/api/renew/get_region_energy_production/1/','2024-03-28 21:55:56.532153'),(1726,'/api/renew/get_region_energy_production/1/','2024-03-28 21:56:10.543064'),(1727,'/api/renew/get_region_energy_production/1/','2024-03-28 21:56:26.730312'),(1728,'/api/renew/get_region_energy_production/1/','2024-03-28 21:56:36.823094'),(1729,'/api/renew/get_region_energy_production/1/','2024-03-28 21:56:53.171353'),(1730,'/api/get_regional_resource_facilities/1/','2024-03-28 21:56:55.763302'),(1731,'/api/renew/get_region_energy_production/1/','2024-03-28 21:56:55.766299'),(1732,'/api/get_new_energy/','2024-03-28 21:58:50.346984'),(1733,'/api/get_new_energy/','2024-03-28 21:59:04.766463'),(1734,'/api/get_regional_resource_facilities/1/','2024-03-28 21:59:17.989894'),(1735,'/api/renew/get_region_energy_production/1/','2024-03-28 21:59:17.994878'),(1736,'/api/get_power_generation_installed_capacity/','2024-03-28 21:59:18.080879'),(1737,'/api/get_energy_import_and_export/','2024-03-28 21:59:18.081878'),(1738,'/api/get_energy_production_and_inventory/','2024-03-28 21:59:18.103878'),(1739,'/api/get_energy_consumption/','2024-03-28 21:59:18.103878'),(1740,'/api/renew/get_region_energy_production/13/','2024-03-28 21:59:20.115725'),(1741,'/api/renew/get_region_energy_production/1/','2024-03-28 21:59:20.211233'),(1742,'/api/get_regional_resource_facilities/1/','2024-03-28 21:59:25.676392'),(1743,'/api/renew/get_region_energy_production/1/','2024-03-28 21:59:25.676392'),(1744,'/api/get_energy_consumption/','2024-03-28 21:59:27.168082'),(1745,'/api/get_energy_production_and_inventory/','2024-03-28 21:59:33.580686'),(1746,'/api/get_power_generation_installed_capacity/','2024-03-28 21:59:44.278123'),(1747,'/api/get_energy_import_and_export/','2024-03-28 21:59:53.307531'),(1748,'/api/get_mineral_develop/13/','2024-03-28 22:00:00.824669'),(1749,'/api/get_mineral_develop/1/','2024-03-28 22:00:04.651988'),(1750,'/api/get_regional_resource_facilities/1/','2024-03-28 22:00:14.564781'),(1751,'/api/get_regional_resource_facilities/2/','2024-03-28 22:00:18.086977'),(1752,'/api/renew/get_region_energy_production/1/','2024-03-28 22:00:33.234852'),(1753,'/api/renew/get_region_energy_production/1/','2024-03-28 22:00:41.247171'),(1754,'/api/renew/get_region_energy_production/1/','2024-03-28 22:00:46.950266'),(1755,'/api/renew/get_region_energy_production/1/','2024-03-28 22:00:53.480203'),(1756,'/api/renew/get_region_energy_production/1/','2024-03-28 22:01:02.830159'),(1757,'/api/renew/get_region_energy_production/1/','2024-03-28 22:01:07.496299'),(1758,'/api/renew/get_region_energy_production/1/','2024-03-28 22:01:09.542354'),(1759,'/api/renew/get_region_energy_production/1/','2024-03-28 22:01:35.573453'),(1760,'/api/get_regional_resource_facilities/1/','2024-03-28 22:02:36.644132'),(1761,'/api/renew/get_region_energy_production/1/','2024-03-28 22:02:36.647132'),(1762,'/api/renew/get_region_energy_production/1/','2024-03-28 22:03:35.781411'),(1763,'/api/get_regional_resource_facilities/1/','2024-03-28 22:04:15.622517'),(1764,'/api/renew/get_region_energy_production/1/','2024-03-28 22:04:15.626517'),(1765,'/api/renew/get_region_energy_production/1/','2024-03-28 22:04:27.072762'),(1766,'/api/renew/get_region_energy_production/1/','2024-03-28 22:04:41.040711'),(1767,'/api/renew/get_region_energy_production/1/','2024-03-28 22:04:50.118751'),(1768,'/api/renew/get_region_energy_production/1/','2024-03-28 22:04:57.185874'),(1769,'/api/renew/get_region_energy_production/1/','2024-03-28 22:05:04.375188'),(1770,'/api/renew/get_region_energy_production/1/','2024-03-28 22:05:24.205362'),(1771,'/api/get_new_energy/','2024-03-28 22:05:26.512353'),(1772,'/api/renew/get_region_energy_production/1/','2024-03-28 22:05:39.935971'),(1773,'/api/renew/get_region_energy_production/1/','2024-03-28 22:05:46.390566'),(1774,'/api/get_new_energy/','2024-03-28 22:06:09.974880'),(1775,'/api/renew/get_region_energy_production/1/','2024-03-28 22:06:30.874092'),(1776,'/api/renew/get_region_energy_production/1/','2024-03-28 22:06:34.941206'),(1777,'/api/get_regional_resource_facilities/1/','2024-03-28 22:06:34.942206'),(1778,'/api/get_new_energy/','2024-03-28 22:06:38.512869'),(1779,'/api/get_regional_resource_facilities/1/','2024-03-28 22:06:45.316480'),(1780,'/api/renew/get_region_energy_production/1/','2024-03-28 22:06:45.317481'),(1781,'/api/get_regional_resource_facilities/1/','2024-03-28 22:06:48.000272'),(1782,'/api/renew/get_region_energy_production/1/','2024-03-28 22:06:48.002273'),(1783,'/api/get_regional_resource_facilities/1/','2024-03-28 22:06:52.140021'),(1784,'/api/renew/get_region_energy_production/1/','2024-03-28 22:06:52.143021'),(1785,'/api/get_new_energy/','2024-03-28 22:06:52.935677'),(1786,'/api/get_regional_resource_facilities/1/','2024-03-28 22:07:02.147590'),(1787,'/api/renew/get_region_energy_production/1/','2024-03-28 22:07:02.149595'),(1788,'/api/get_energy_import_and_export/','2024-03-28 22:07:11.855537'),(1789,'/api/get_power_generation_installed_capacity/','2024-03-28 22:07:11.856536'),(1790,'/api/get_energy_production_and_inventory/','2024-03-28 22:07:11.894535'),(1791,'/api/get_energy_consumption/','2024-03-28 22:07:11.898535'),(1792,'/api/get_power_generation_installed_capacity/','2024-03-28 22:07:13.950748'),(1793,'/api/get_energy_import_and_export/','2024-03-28 22:07:13.953747'),(1794,'/api/get_energy_production_and_inventory/','2024-03-28 22:07:13.990747'),(1795,'/api/get_energy_consumption/','2024-03-28 22:07:14.002748'),(1796,'/api/get_regional_resource_facilities/1/','2024-03-28 22:07:15.838157'),(1797,'/api/renew/get_region_energy_production/1/','2024-03-28 22:07:15.839157'),(1798,'/api/renew/get_region_energy_production/1/','2024-03-28 22:07:17.052024'),(1799,'/api/get_regional_resource_facilities/1/','2024-03-28 22:07:17.055025'),(1800,'/api/get_regional_resource_facilities/1/','2024-03-28 22:07:39.170697'),(1801,'/api/get_regional_resource_facilities/1/','2024-03-28 22:07:39.171698'),(1802,'/api/renew/get_region_energy_production/13/','2024-03-28 22:07:39.172698'),(1803,'/api/renew/get_region_energy_production/13/','2024-03-28 22:07:39.173698'),(1804,'/api/get_regional_resource_facilities/1/','2024-03-28 22:07:42.661250'),(1805,'/api/renew/get_region_energy_production/13/','2024-03-28 22:07:42.665250'),(1806,'/api/get_regional_resource_facilities/1/','2024-03-28 22:07:58.381683'),(1807,'/api/get_regional_resource_facilities/1/','2024-03-28 22:07:58.385683'),(1808,'/api/renew/get_region_energy_production/12/','2024-03-28 22:07:58.393683'),(1809,'/api/renew/get_region_energy_production/12/','2024-03-28 22:07:58.393683'),(1810,'/api/get_regional_resource_facilities/1/','2024-03-28 22:08:00.643951'),(1811,'/api/renew/get_region_energy_production/12/','2024-03-28 22:08:00.645952'),(1812,'/api/get_regional_resource_facilities/1/','2024-03-28 22:08:01.245219'),(1813,'/api/renew/get_region_energy_production/12/','2024-03-28 22:08:01.246219'),(1814,'/api/get_regional_resource_facilities/1/','2024-03-28 22:08:16.830941'),(1815,'/api/renew/get_region_energy_production/12/','2024-03-28 22:08:16.837941'),(1816,'/api/get_energy_import_and_export/','2024-03-28 22:08:54.523976'),(1817,'/api/get_energy_production_and_inventory/','2024-03-28 22:08:54.535975'),(1818,'/api/get_power_generation_installed_capacity/','2024-03-28 22:08:54.647059'),(1819,'/api/get_energy_consumption/','2024-03-28 22:08:54.652059'),(1820,'/api/get_regional_resource_facilities/1/','2024-03-28 22:08:55.745089'),(1821,'/api/renew/get_region_energy_production/12/','2024-03-28 22:08:55.747089'),(1822,'/api/renew/get_region_energy_production/12/','2024-03-28 22:09:07.116863'),(1823,'/api/renew/get_region_energy_production/12/','2024-03-28 22:09:07.116863'),(1824,'/api/renew/get_region_energy_production/12/','2024-03-28 22:09:14.869465'),(1825,'/api/get_regional_resource_facilities/1/','2024-03-28 22:09:14.870466'),(1826,'/api/get_regional_resource_facilities/1/','2024-03-28 22:09:15.386730'),(1827,'/api/renew/get_region_energy_production/12/','2024-03-28 22:09:15.388731'),(1828,'/api/renew/get_region_energy_production/12/','2024-03-28 22:09:21.183204'),(1829,'/api/renew/get_region_energy_production/12/','2024-03-28 22:09:21.200199'),(1830,'/api/renew/get_region_energy_production/12/','2024-03-28 22:09:25.595043'),(1831,'/api/renew/get_region_energy_production/12/','2024-03-28 22:09:25.598044'),(1832,'/api/renew/get_region_energy_production/12/','2024-03-28 22:09:35.238306'),(1833,'/api/renew/get_region_energy_production/12/','2024-03-28 22:09:35.603812'),(1834,'/api/get_new_energy/','2024-03-28 22:09:59.203114'),(1835,'/api/get_new_energy/','2024-03-28 22:09:59.912660'),(1836,'/api/get_new_energy/','2024-03-28 22:10:00.395005'),(1837,'/api/get_new_energy/','2024-03-28 22:10:00.737757'),(1838,'/api/get_new_energy/','2024-03-28 22:10:00.946979'),(1839,'/api/get_new_energy/','2024-03-28 22:10:01.382758'),(1840,'/api/get_new_energy/','2024-03-28 22:10:01.547756'),(1841,'/api/get_new_energy/','2024-03-28 22:10:01.713756'),(1842,'/api/get_new_energy/','2024-03-28 22:10:13.617255'),(1843,'/api/get_new_energy/','2024-03-28 22:10:14.103810'),(1844,'/api/get_new_energy/','2024-03-28 22:10:21.787293'),(1845,'/api/renew/get_region_energy_production/12/','2024-03-28 22:10:33.066127'),(1846,'/api/renew/get_region_energy_production/12/','2024-03-28 22:10:33.068123'),(1847,'/api/get_new_energy/','2024-03-28 22:10:36.313708'),(1848,'/api/renew/get_region_energy_production/12/','2024-03-28 22:10:43.676181'),(1849,'/api/renew/get_region_energy_production/12/','2024-03-28 22:10:43.966175'),(1850,'/api/renew/get_region_energy_production/12/','2024-03-28 22:10:46.947761'),(1851,'/api/renew/get_region_energy_production/12/','2024-03-28 22:10:46.948760'),(1852,'/api/get_new_energy/','2024-03-28 22:11:04.806024'),(1853,'/api/renew/get_region_energy_production/12/','2024-03-28 22:11:15.266348'),(1854,'/api/renew/get_region_energy_production/12/','2024-03-28 22:11:15.266348'),(1855,'/api/renew/get_region_energy_production/12/','2024-03-28 22:11:31.269801'),(1856,'/api/renew/get_region_energy_production/12/','2024-03-28 22:11:31.270801'),(1857,'/api/renew/get_region_energy_production/12/','2024-03-28 22:11:41.106579'),(1858,'/api/renew/get_region_energy_production/12/','2024-03-28 22:11:41.107579'),(1859,'/api/renew/get_region_energy_production/12/','2024-03-28 22:11:57.176400'),(1860,'/api/renew/get_region_energy_production/12/','2024-03-28 22:11:57.183400'),(1861,'/api/get_regional_resource_facilities/1/','2024-03-28 22:12:02.994980'),(1862,'/api/renew/get_region_energy_production/12/','2024-03-28 22:12:02.996980'),(1863,'/api/renew/get_region_energy_production/12/','2024-03-28 22:12:18.372363'),(1864,'/api/renew/get_region_energy_production/12/','2024-03-28 22:12:18.402364'),(1865,'/api/get_regional_resource_facilities/1/','2024-03-28 22:12:21.032280'),(1866,'/api/renew/get_region_energy_production/12/','2024-03-28 22:12:21.033280'),(1867,'/api/get_regional_resource_facilities/1/','2024-03-28 22:12:26.411063'),(1868,'/api/renew/get_region_energy_production/12/','2024-03-28 22:12:26.412062'),(1869,'/api/get_regional_resource_facilities/1/','2024-03-28 22:12:36.246605'),(1870,'/api/renew/get_region_energy_production/12/','2024-03-28 22:12:36.247605'),(1871,'/api/renew/get_region_energy_production/12/','2024-03-28 22:13:36.038079'),(1872,'/api/renew/get_region_energy_production/12/','2024-03-28 22:13:36.269079'),(1873,'/api/get_new_energy/','2024-03-28 22:13:39.656496'),(1874,'/api/get_new_energy/','2024-03-28 22:13:41.344881'),(1875,'/api/get_regional_resource_facilities/1/','2024-03-28 22:13:47.586035'),(1876,'/api/renew/get_region_energy_production/12/','2024-03-28 22:13:47.589035'),(1877,'/api/renew/get_region_energy_production/12/','2024-03-28 22:13:59.289633'),(1878,'/api/renew/get_region_energy_production/12/','2024-03-28 22:13:59.610636'),(1879,'/api/get_new_energy/','2024-03-28 22:14:02.501330'),(1880,'/api/get_new_energy/','2024-03-28 22:14:03.596894'),(1881,'/api/get_new_energy/','2024-03-28 22:14:04.525697'),(1882,'/api/renew/get_region_energy_production/12/','2024-03-28 22:14:06.223671'),(1883,'/api/renew/get_region_energy_production/12/','2024-03-28 22:14:06.226671'),(1884,'/api/renew/get_region_energy_production/12/','2024-03-28 22:14:10.146671'),(1885,'/api/renew/get_region_energy_production/12/','2024-03-28 22:14:10.148670'),(1886,'/api/get_new_energy/','2024-03-28 22:14:16.266703'),(1887,'/api/renew/get_region_energy_production/12/','2024-03-28 22:14:17.484253'),(1888,'/api/renew/get_region_energy_production/12/','2024-03-28 22:14:17.756253'),(1889,'/api/get_new_energy/','2024-03-28 22:14:27.890363'),(1890,'/api/get_new_energy/','2024-03-28 22:14:42.163639'),(1891,'/api/renew/get_region_energy_production/12/','2024-03-28 22:14:42.517638'),(1892,'/api/renew/get_region_energy_production/12/','2024-03-28 22:14:42.517638'),(1893,'/api/renew/get_region_energy_production/12/','2024-03-28 22:14:49.354502'),(1894,'/api/renew/get_region_energy_production/12/','2024-03-28 22:14:49.657501'),(1895,'/api/renew/get_region_energy_production/12/','2024-03-28 22:14:54.675138'),(1896,'/api/renew/get_region_energy_production/12/','2024-03-28 22:14:54.679139'),(1897,'/api/renew/get_region_energy_production/12/','2024-03-28 22:15:13.723487'),(1898,'/api/renew/get_region_energy_production/12/','2024-03-28 22:15:13.729488'),(1899,'/api/get_new_energy/','2024-03-28 22:15:20.704053'),(1900,'/api/renew/get_region_energy_production/12/','2024-03-28 22:15:23.040913'),(1901,'/api/renew/get_region_energy_production/12/','2024-03-28 22:15:23.043913'),(1902,'/api/get_new_energy/','2024-03-28 22:15:26.476349'),(1903,'/api/renew/get_region_energy_production/12/','2024-03-28 22:15:32.518747'),(1904,'/api/renew/get_region_energy_production/12/','2024-03-28 22:15:32.519745'),(1905,'/api/get_energy_production_and_inventory/','2024-03-28 22:15:50.837661'),(1906,'/api/get_energy_import_and_export/','2024-03-28 22:15:50.904579'),(1907,'/api/get_energy_consumption/','2024-03-28 22:15:51.000939'),(1908,'/api/get_power_generation_installed_capacity/','2024-03-28 22:15:51.142207'),(1909,'/api/get_regional_resource_facilities/1/','2024-03-28 22:15:52.647602'),(1910,'/api/renew/get_region_energy_production/12/','2024-03-28 22:15:52.648599'),(1911,'/api/get_new_energy/','2024-03-28 22:16:18.758558'),(1912,'/api/get_new_energy/','2024-03-28 22:16:57.345360'),(1913,'/api/get_new_energy/','2024-03-28 22:17:46.604526'),(1914,'/api/get_new_energy/','2024-03-28 22:17:58.998757'),(1915,'/api/get_new_energy/','2024-03-28 22:18:00.194430'),(1916,'/api/get_new_energy/','2024-03-28 22:18:09.329902'),(1917,'/api/get_new_energy/','2024-03-28 22:18:13.876050'),(1918,'/api/get_new_energy/','2024-03-28 22:18:15.341769'),(1919,'/api/get_power_generation_installed_capacity/','2024-03-28 22:18:45.424545'),(1920,'/api/get_energy_import_and_export/','2024-03-28 22:18:45.425545'),(1921,'/api/get_energy_production_and_inventory/','2024-03-28 22:18:45.436546'),(1922,'/api/get_energy_consumption/','2024-03-28 22:18:45.452545'),(1923,'/api/get_energy_import_and_export/','2024-03-28 22:18:47.669611'),(1924,'/api/get_energy_production_and_inventory/','2024-03-28 22:18:47.679613'),(1925,'/api/get_energy_import_and_export/','2024-03-28 22:18:48.151606'),(1926,'/api/get_energy_production_and_inventory/','2024-03-28 22:18:48.162606'),(1927,'/api/get_energy_import_and_export/','2024-03-28 22:18:48.822027'),(1928,'/api/get_energy_production_and_inventory/','2024-03-28 22:18:48.834027'),(1929,'/api/get_energy_import_and_export/','2024-03-28 22:18:49.925267'),(1930,'/api/get_power_generation_installed_capacity/','2024-03-28 22:18:49.926267'),(1931,'/api/get_energy_production_and_inventory/','2024-03-28 22:18:49.941269'),(1932,'/api/get_energy_consumption/','2024-03-28 22:18:49.958267'),(1933,'/api/get_energy_import_and_export/','2024-03-28 22:18:53.067034'),(1934,'/api/get_energy_production_and_inventory/','2024-03-28 22:18:53.069035'),(1935,'/api/get_power_generation_installed_capacity/','2024-03-28 22:18:53.093035'),(1936,'/api/get_energy_consumption/','2024-03-28 22:18:53.125034'),(1937,'/api/get_regional_resource_facilities/1/','2024-03-28 22:18:57.344337'),(1938,'/api/renew/get_region_energy_production/12/','2024-03-28 22:18:57.347336'),(1939,'/api/get_energy_import_and_export/','2024-03-28 22:19:12.595654'),(1940,'/api/get_power_generation_installed_capacity/','2024-03-28 22:19:12.605653'),(1941,'/api/get_energy_production_and_inventory/','2024-03-28 22:19:12.627653'),(1942,'/api/get_energy_consumption/','2024-03-28 22:19:12.633653'),(1943,'/api/get_new_energy/','2024-03-28 22:20:15.908053'),(1944,'/api/get_new_energy/','2024-03-28 22:22:31.137461'),(1945,'/api/get_new_energy/','2024-03-28 22:22:55.540594'),(1946,'/api/get_new_energy/','2024-03-28 22:22:56.349553'),(1947,'/api/get_new_energy/','2024-03-28 22:22:57.123667'),(1948,'/api/get_new_energy/','2024-03-28 22:24:00.992468'),(1949,'/api/get_new_energy/','2024-03-28 22:24:32.859866'),(1950,'/api/get_new_energy/','2024-03-28 22:24:34.086025'),(1951,'/api/get_new_energy/','2024-03-28 22:25:39.534476'),(1952,'/api/get_new_energy/','2024-03-28 22:26:26.709929'),(1953,'/api/get_new_energy/','2024-03-28 22:26:31.333436'),(1954,'/api/get_new_energy/','2024-03-28 22:26:57.334710'),(1955,'/api/get_new_energy/','2024-03-28 22:26:58.249977'),(1956,'/api/get_new_energy/','2024-03-28 22:27:32.453953'),(1957,'/api/get_new_energy/','2024-03-28 22:28:25.105077'),(1958,'/api/get_new_energy/','2024-03-28 22:29:07.193754'),(1959,'/api/get_new_energy/','2024-03-28 22:29:18.014031'),(1960,'/api/get_new_energy/','2024-03-29 12:09:44.918218'),(1961,'/api/get_new_energy/','2024-03-29 12:10:03.930030'),(1962,'/api/get_new_energy/','2024-03-29 12:10:19.535741'),(1963,'/api/get_new_energy/','2024-03-29 12:10:24.226075'),(1964,'/api/get_new_energy/','2024-03-29 12:10:32.344767'),(1965,'/api/get_new_energy/','2024-03-29 12:10:42.682677'),(1966,'/api/get_new_energy/','2024-03-29 12:10:53.023988'),(1967,'/api/get_new_energy/','2024-03-29 12:11:04.341003'),(1968,'/api/get_new_energy/','2024-03-29 12:11:06.917567'),(1969,'/api/get_new_energy/','2024-03-29 12:11:17.721290'),(1970,'/api/get_new_energy/','2024-03-29 12:11:29.132806'),(1971,'/api/get_new_energy/','2024-03-29 12:11:41.192321'),(1972,'/api/get_new_energy/','2024-03-29 12:11:42.502932'),(1973,'/api/get_new_energy/','2024-03-29 12:11:47.084034'),(1974,'/api/get_new_energy/','2024-03-29 12:14:43.161909'),(1975,'/api/get_new_energy/','2024-03-29 12:14:54.748616'),(1976,'/api/get_new_energy/','2024-03-29 12:15:10.463464'),(1977,'/api/get_new_energy/','2024-03-29 12:15:17.248896'),(1978,'/api/get_new_energy/','2024-03-29 12:15:28.729955'),(1979,'/api/get_new_energy/','2024-03-29 12:15:57.159878'),(1980,'/api/get_new_energy/','2024-03-29 12:15:58.657469'),(1981,'/api/get_new_energy/','2024-03-29 12:16:08.854944'),(1982,'/api/get_new_energy/','2024-03-29 12:16:33.201637'),(1983,'/api/get_new_energy/','2024-03-29 12:16:44.581398'),(1984,'/api/get_new_energy/','2024-03-29 12:16:55.777869'),(1985,'/api/get_new_energy/','2024-03-29 12:16:59.653717'),(1986,'/api/get_new_energy/','2024-03-29 12:17:30.261424'),(1987,'/api/get_new_energy/','2024-03-29 12:17:43.292309'),(1988,'/api/get_new_energy/','2024-03-29 12:18:12.619291'),(1989,'/api/get_new_energy/','2024-03-29 12:18:24.805465'),(1990,'/api/get_new_energy/','2024-03-29 12:18:28.312337'),(1991,'/api/get_new_energy/','2024-03-29 12:18:35.857675'),(1992,'/api/get_new_energy/','2024-03-29 12:18:39.971469'),(1993,'/api/get_new_energy/','2024-03-29 12:18:54.241900'),(1994,'/api/get_new_energy/','2024-03-29 12:18:56.771017'),(1995,'/api/get_new_energy/','2024-03-29 12:19:36.685905'),(1996,'/api/get_new_energy/','2024-03-29 12:20:16.255540'),(1997,'/api/get_new_energy/','2024-03-29 12:20:35.448409'),(1998,'/api/get_new_energy/','2024-03-29 12:20:36.789111'),(1999,'/api/get_new_energy/','2024-03-29 12:21:18.616052'),(2000,'/api/get_new_energy/','2024-03-29 12:21:24.673197'),(2001,'/api/get_new_energy/','2024-03-29 12:22:11.927686'),(2002,'/api/get_new_energy/','2024-03-29 12:22:36.324103'),(2003,'/api/get_new_energy/','2024-03-29 12:23:17.488782'),(2004,'/api/get_new_energy/','2024-03-29 12:23:18.622963'),(2005,'/api/get_new_energy/','2024-03-29 12:24:32.418086'),(2006,'/api/get_new_energy/','2024-03-29 12:24:53.539125'),(2007,'/api/get_new_energy/','2024-03-29 12:25:00.469993'),(2008,'/api/get_new_energy/','2024-03-29 12:26:12.953506'),(2009,'/api/get_new_energy/','2024-03-29 12:26:41.125217'),(2010,'/api/get_new_energy/','2024-03-29 12:27:09.435018'),(2011,'/api/get_new_energy/','2024-03-29 12:28:21.752294'),(2012,'/api/get_new_energy/','2024-03-29 12:28:35.227910'),(2013,'/api/get_new_energy/','2024-03-29 12:28:45.936866'),(2014,'/api/get_new_energy/','2024-03-29 12:29:01.107351'),(2015,'/api/get_new_energy/','2024-03-29 12:42:51.991822'),(2016,'/api/get_market_investment/','2024-03-29 13:43:58.725551'),(2017,'/api/get_market_investment/','2024-03-29 13:44:24.819045'),(2018,'/api/get_market_investment/','2024-03-29 13:48:45.426314'),(2019,'/api/get_market_investment/','2024-03-29 13:48:46.497031'),(2020,'/api/get_market_investment/','2024-03-29 13:49:23.740333'),(2021,'/api/get_market_investment/','2024-03-29 16:02:04.388270'),(2022,'/api/get_market_investment/','2024-03-29 16:03:16.756820'),(2023,'/api/get_market_investment/','2024-03-29 16:04:33.009179'),(2024,'/api/get_market_investment/','2024-03-29 16:04:34.453433'),(2025,'/api/get_market_investment/','2024-03-29 16:05:17.101404'),(2026,'/api/get_market_investment/','2024-03-29 16:05:17.830097'),(2027,'/api/get_market_investment/','2024-03-29 16:05:27.860376'),(2028,'/api/get_market_investment/','2024-03-29 16:05:28.585232'),(2029,'/api/get_market_investment/','2024-03-29 16:05:40.233648'),(2030,'/api/get_market_investment/','2024-03-29 16:06:00.214377'),(2031,'/api/get_market_investment/','2024-03-29 16:06:01.334089'),(2032,'/api/get_market_investment/','2024-03-29 16:06:10.570634'),(2033,'/api/get_market_investment/','2024-03-29 16:06:24.933512'),(2034,'/api/get_market_investment/','2024-03-29 16:06:25.790386'),(2035,'/api/get_market_investment/','2024-03-29 16:06:26.353000'),(2036,'/api/get_market_investment/','2024-03-29 16:06:41.618072'),(2037,'/api/get_market_investment/','2024-03-29 16:06:42.894396'),(2038,'/api/get_market_investment/','2024-03-29 16:06:52.757177'),(2039,'/api/get_market_investment/','2024-03-29 16:06:54.371862'),(2040,'/api/get_new_energy/','2024-03-29 16:11:01.978742'),(2041,'/api/get_market_investment/','2024-03-29 16:11:06.278153'),(2042,'/api/get_market_investment/','2024-03-29 16:14:32.302223'),(2043,'/api/get_market_investment/','2024-03-29 16:14:43.656908'),(2044,'/api/get_market_investment/','2024-03-29 16:15:46.212749'),(2045,'/api/get_market_investment/','2024-03-29 16:15:54.034532'),(2046,'/api/get_market_investment/','2024-03-29 16:15:55.362296'),(2047,'/api/get_market_investment/','2024-03-29 16:15:56.188954'),(2048,'/api/get_market_investment/','2024-03-29 16:16:18.672956'),(2049,'/api/get_market_investment/','2024-03-29 16:16:19.012956'),(2050,'/api/get_market_investment/','2024-03-29 16:16:31.454500'),(2051,'/api/get_market_investment/','2024-03-29 16:16:32.668640'),(2052,'/api/get_market_investment/','2024-03-29 16:16:39.231832'),(2053,'/api/get_market_investment/','2024-03-29 16:16:40.655070'),(2054,'/api/get_market_investment/','2024-03-29 16:17:07.676220'),(2055,'/api/get_market_investment/','2024-03-29 16:17:09.231277'),(2056,'/api/get_market_investment/','2024-03-29 16:19:04.168500'),(2057,'/api/get_market_investment/','2024-03-29 16:19:23.024634'),(2058,'/api/get_market_investment/','2024-03-29 16:29:46.576645'),(2059,'/api/get_market_investment/','2024-03-29 16:30:27.424681'),(2060,'/api/get_market_investment/','2024-03-29 16:31:09.057745'),(2061,'/api/get_market_investment/','2024-03-29 16:33:39.752395'),(2062,'/api/get_market_investment/','2024-03-29 16:33:40.400073'),(2063,'/api/get_market_investment/','2024-03-29 16:33:41.688917'),(2064,'/api/get_market_investment/','2024-03-29 16:34:04.287333'),(2065,'/api/get_energy_consumption/','2024-03-29 18:26:05.965181'),(2066,'/api/get_energy_develop_demand/','2024-03-29 18:26:16.082578'),(2067,'/api/get_energy_develop_demand/','2024-03-29 18:26:37.944092'),(2068,'/api/get_energy_develop_demand/','2024-03-29 18:27:10.144740'),(2069,'/api/get_energy_develop_demand/','2024-03-29 18:27:55.395765'),(2070,'/api/get_energy_develop_demand/','2024-03-29 18:28:47.143682'),(2071,'/api/get_energy_import_and_export/','2024-03-29 18:34:54.687151'),(2072,'/api/get_energy_production_and_inventory/','2024-03-29 18:34:54.705151'),(2073,'/api/get_energy_consumption/','2024-03-29 18:34:54.712152'),(2074,'/api/get_power_generation_installed_capacity/','2024-03-29 18:34:54.836151'),(2075,'/api/get_regional_resource_facilities/1/','2024-03-29 18:34:57.104792'),(2076,'/api/renew/get_region_energy_production/12/','2024-03-29 18:34:57.111792'),(2077,'/api/get_energy_develop_demand/','2024-03-29 18:35:20.899282'),(2078,'/api/get_energy_develop_demand/','2024-03-29 18:35:34.998167'),(2079,'/api/get_energy_develop_demand/','2024-03-29 18:35:35.778311'),(2080,'/api/get_energy_develop_demand/','2024-03-29 18:35:51.749037'),(2081,'/api/get_energy_develop_demand/','2024-03-29 18:35:53.017638'),(2082,'/api/get_energy_develop_demand/','2024-03-29 18:36:38.756963'),(2083,'/api/get_energy_develop_demand/','2024-03-29 18:37:06.365801'),(2084,'/api/get_energy_develop_demand/','2024-03-29 18:37:29.433364'),(2085,'/api/get_regional_resource_facilities/1/','2024-03-29 18:37:38.155314'),(2086,'/api/renew/get_region_energy_production/12/','2024-03-29 18:37:38.159314'),(2087,'/api/get_energy_develop_demand/','2024-03-29 18:37:38.222216'),(2088,'/api/renew/get_region_energy_production/12/','2024-03-29 18:37:39.462154'),(2089,'/api/get_energy_develop_demand/','2024-03-29 18:37:43.860563'),(2090,'/api/get_energy_develop_demand/','2024-03-29 18:37:45.244019'),(2091,'/api/renew/get_region_energy_production/12/','2024-03-29 18:37:52.401925'),(2092,'/api/renew/get_region_energy_production/12/','2024-03-29 18:38:00.971680'),(2093,'/api/get_energy_develop_demand/','2024-03-29 18:38:16.765224'),(2094,'/api/get_energy_develop_demand/','2024-03-29 18:38:18.088637'),(2095,'/api/get_energy_develop_demand/','2024-03-29 18:38:27.231586'),(2096,'/api/get_energy_develop_demand/','2024-03-29 18:38:34.441995'),(2097,'/api/get_energy_develop_demand/','2024-03-29 18:38:35.491432'),(2098,'/api/get_regional_resource_facilities/1/','2024-03-29 18:38:35.683431'),(2099,'/api/renew/get_region_energy_production/12/','2024-03-29 18:38:35.688431'),(2100,'/api/get_energy_develop_demand/','2024-03-29 18:38:39.193377'),(2101,'/api/get_energy_develop_demand/','2024-03-29 18:39:24.180689'),(2102,'/api/get_energy_develop_demand/','2024-03-29 18:39:28.775544'),(2103,'/api/get_energy_develop_demand/','2024-03-29 18:39:30.355779'),(2104,'/api/get_energy_develop_demand/','2024-03-29 18:41:00.022864'),(2105,'/api/get_energy_develop_demand/','2024-03-29 18:41:18.892851'),(2106,'/api/get_energy_develop_demand/','2024-03-29 18:41:32.253300'),(2107,'/api/get_energy_develop_demand/','2024-03-29 18:41:33.282700'),(2108,'/api/get_energy_develop_demand/','2024-03-29 18:44:10.490039'),(2109,'/api/get_regional_resource_facilities/1/','2024-03-29 18:44:15.381183'),(2110,'/api/renew/get_region_energy_production/12/','2024-03-29 18:44:15.382183'),(2111,'/api/renew/get_region_energy_production/12/','2024-03-29 18:44:16.993315'),(2112,'/api/get_market_investment/','2024-03-29 19:00:39.514717'),(2113,'/api/get_market_investment/','2024-03-29 19:03:41.724991'),(2114,'/api/get_market_investment/','2024-03-29 19:03:56.438105'),(2115,'/api/get_market_investment/','2024-03-29 19:03:57.836811'),(2116,'/api/get_energy_import_and_export/','2024-03-29 19:06:18.483204'),(2117,'/api/get_energy_production_and_inventory/','2024-03-29 19:06:18.507204'),(2118,'/api/get_energy_consumption/','2024-03-29 19:06:18.512204'),(2119,'/api/get_power_generation_installed_capacity/','2024-03-29 19:06:18.600205'),(2120,'/api/get_energy_reserve/','2024-03-29 20:15:32.194361'),(2121,'/api/get_energy_reserve/','2024-03-29 20:15:39.008840'),(2122,'/api/get_energy_reserve/','2024-03-29 20:15:46.277151'),(2123,'/api/get_energy_reserve/','2024-03-29 20:15:57.828448'),(2124,'/api/get_energy_reserve/','2024-03-29 20:17:22.414943'),(2125,'/api/get_energy_reserve/','2024-03-29 20:17:42.246116'),(2126,'/api/get_energy_reserve/','2024-03-29 20:17:55.873205'),(2127,'/api/get_energy_reserve/','2024-03-29 20:18:30.363575'),(2128,'/api/get_energy_reserve/','2024-03-29 20:21:28.649763'),(2129,'/api/get_energy_reserve/','2024-03-29 20:22:09.536828'),(2130,'/api/get_energy_reserve/','2024-03-29 20:22:15.125279'),(2131,'/api/get_energy_reserve/','2024-03-29 20:22:49.724639'),(2132,'/api/get_energy_reserve/','2024-03-29 20:25:12.248214'),(2133,'/api/get_energy_reserve/','2024-03-29 20:26:58.500274'),(2134,'/api/get_market_investment/','2024-03-29 20:27:08.594358'),(2135,'/api/get_energy_reserve/','2024-03-29 20:27:11.547128'),(2136,'/api/get_energy_reserve/','2024-03-29 20:27:52.067413'),(2137,'/api/get_energy_reserve/','2024-03-29 20:27:53.489332'),(2138,'/api/get_energy_reserve/','2024-03-29 20:28:12.597953'),(2139,'/api/get_energy_reserve/','2024-03-29 20:28:28.370211'),(2140,'/api/get_energy_reserve/','2024-03-29 20:28:35.294613'),(2141,'/api/get_energy_reserve/','2024-03-29 20:31:26.770208'),(2142,'/api/get_energy_reserve/','2024-03-29 20:31:51.227126'),(2143,'/api/get_energy_reserve/','2024-03-29 20:31:52.614325'),(2144,'/api/get_energy_reserve/','2024-03-29 20:32:14.438744'),(2145,'/api/get_energy_reserve/','2024-03-29 20:32:25.509246'),(2146,'/api/get_energy_reserve/','2024-03-29 20:32:36.108916'),(2147,'/api/get_energy_reserve/','2024-03-29 20:32:49.665948'),(2148,'/api/get_energy_reserve/','2024-03-29 20:32:59.267615'),(2149,'/api/analyse/get_heat_map/','2024-03-29 21:47:37.374065'),(2150,'/api/analyse/get_heat_map/','2024-03-29 21:48:20.218584'),(2151,'/api/analyse/get_heat_map/','2024-03-29 21:52:51.447471'),(2152,'/api/analyse/get_heat_map/','2024-03-29 21:53:13.645245');
/*!40000 ALTER TABLE `suyuanapplication_apirequest` ENABLE KEYS */;
UNLOCK TABLES;

--
-- Table structure for table `suyuanapplication_energyconsumptionmodel`
--

DROP TABLE IF EXISTS `suyuanapplication_energyconsumptionmodel`;
/*!40101 SET @saved_cs_client     = @@character_set_client */;
/*!50503 SET character_set_client = utf8mb4 */;
CREATE TABLE `suyuanapplication_energyconsumptionmodel` (
  `id` bigint NOT NULL AUTO_INCREMENT,
  `year` int NOT NULL,
  `total_energy_consumption` decimal(10,2) NOT NULL,
  `coal` decimal(3,1) NOT NULL,
  `petroleum` decimal(3,1) NOT NULL,
  `natural_gas` decimal(3,1) NOT NULL,
  `created_at` datetime(6) NOT NULL,
  `power_and_other` decimal(3,1) NOT NULL,
  PRIMARY KEY (`id`),
  UNIQUE KEY `year` (`year`)
) ENGINE=InnoDB AUTO_INCREMENT=24 DEFAULT CHARSET=utf8mb4 COLLATE=utf8mb4_0900_ai_ci;
/*!40101 SET character_set_client = @saved_cs_client */;

--
-- Dumping data for table `suyuanapplication_energyconsumptionmodel`
--

LOCK TABLES `suyuanapplication_energyconsumptionmodel` WRITE;
/*!40000 ALTER TABLE `suyuanapplication_energyconsumptionmodel` DISABLE KEYS */;
INSERT INTO `suyuanapplication_energyconsumptionmodel` VALUES (1,2000,146964.00,68.5,22.0,2.2,'2024-03-25 20:02:04.166426',7.3),(2,2001,155547.00,68.0,21.2,2.4,'2024-03-25 20:02:22.056808',8.4),(3,2002,169577.00,68.5,21.0,2.3,'2024-03-25 20:02:40.272588',8.2),(4,2003,197083.00,70.2,20.1,2.3,'2024-03-25 20:02:59.072305',7.4),(5,2004,230281.00,70.2,19.9,2.3,'2024-03-25 20:03:12.167633',7.6),(6,2005,261369.00,72.4,17.8,2.4,'2024-03-25 20:03:36.168104',7.4),(7,2006,286467.00,72.4,17.5,2.7,'2024-03-25 20:03:55.272509',7.4),(8,2007,311442.00,72.5,17.0,3.0,'2024-03-25 20:04:08.468155',7.5),(9,2008,320611.00,71.5,16.7,3.4,'2024-03-25 20:04:26.380939',8.4),(10,2009,336126.00,71.6,16.4,3.5,'2024-03-25 20:04:41.855831',8.5),(11,2010,360648.00,69.2,17.4,4.0,'2024-03-25 20:05:01.292437',9.4),(12,2011,387043.00,70.2,16.8,4.6,'2024-03-25 20:05:24.035463',8.4),(13,2012,402138.00,68.5,17.0,4.8,'2024-03-25 20:05:50.682606',9.7),(14,2013,416913.00,67.4,17.1,5.3,'2024-03-25 20:06:08.946251',10.2),(15,2014,428334.00,65.8,17.3,5.6,'2024-03-25 20:06:40.114976',11.3),(16,2015,434113.00,63.8,18.4,5.8,'2024-03-25 20:07:02.383439',12.0),(17,2016,441492.00,62.2,18.7,6.1,'2024-03-25 20:07:20.676803',13.0),(18,2017,455827.00,60.6,18.9,6.9,'2024-03-25 20:07:42.065258',13.6),(19,2018,471925.00,59.0,18.9,7.6,'2024-03-25 20:07:56.850773',14.5),(20,2019,487488.00,57.7,19.0,8.0,'2024-03-25 20:08:19.522045',15.3),(21,2020,498314.00,56.9,18.8,8.4,'2024-03-25 20:08:39.982064',15.9),(22,2021,525896.00,55.9,18.6,8.8,'2024-03-25 20:09:10.851748',16.7),(23,2022,541000.00,56.2,17.9,8.4,'2024-03-25 20:09:33.918238',17.5);
/*!40000 ALTER TABLE `suyuanapplication_energyconsumptionmodel` ENABLE KEYS */;
UNLOCK TABLES;

--
-- Table structure for table `suyuanapplication_energydevelopanddemandmodel`
--

DROP TABLE IF EXISTS `suyuanapplication_energydevelopanddemandmodel`;
/*!40101 SET @saved_cs_client     = @@character_set_client */;
/*!50503 SET character_set_client = utf8mb4 */;
CREATE TABLE `suyuanapplication_energydevelopanddemandmodel` (
  `id` bigint NOT NULL AUTO_INCREMENT,
  `year` int NOT NULL,
  `created_at` datetime(6) NOT NULL,
  `central_South_dm` decimal(10,1) NOT NULL,
  `central_South_dv` decimal(10,1) NOT NULL,
  `east_China_dm` decimal(10,1) NOT NULL,
  `east_China_dv` decimal(10,1) NOT NULL,
  `north_China_dm` decimal(10,1) NOT NULL,
  `north_China_dv` decimal(10,1) NOT NULL,
  `northeast_dm` decimal(10,1) NOT NULL,
  `northeast_dv` decimal(10,1) NOT NULL,
  `northwest_dm` decimal(10,1) NOT NULL,
  `northwest_dv` decimal(10,1) NOT NULL,
  `southwest_dm` decimal(10,1) NOT NULL,
  `southwest_dv` decimal(10,1) NOT NULL,
  PRIMARY KEY (`id`)
) ENGINE=InnoDB AUTO_INCREMENT=3 DEFAULT CHARSET=utf8mb4 COLLATE=utf8mb4_0900_ai_ci;
/*!40101 SET character_set_client = @saved_cs_client */;

--
-- Dumping data for table `suyuanapplication_energydevelopanddemandmodel`
--

LOCK TABLES `suyuanapplication_energydevelopanddemandmodel` WRITE;
/*!40000 ALTER TABLE `suyuanapplication_energydevelopanddemandmodel` DISABLE KEYS */;
INSERT INTO `suyuanapplication_energydevelopanddemandmodel` VALUES (1,2023,'2024-03-29 17:34:26.735708',20123.6,17338.7,32476.2,25408.2,16385.5,16825.7,4773.6,4534.1,10285.7,12903.4,9840.3,12080.8),(2,2022,'2024-03-29 18:00:47.584028',19294.0,16341.2,30380.0,24156.6,15710.0,15241.7,4542.0,4261.9,9515.0,12249.8,9103.0,11521.3);
/*!40000 ALTER TABLE `suyuanapplication_energydevelopanddemandmodel` ENABLE KEYS */;
UNLOCK TABLES;

--
-- Table structure for table `suyuanapplication_energyimportandexportmodel`
--

DROP TABLE IF EXISTS `suyuanapplication_energyimportandexportmodel`;
/*!40101 SET @saved_cs_client     = @@character_set_client */;
/*!50503 SET character_set_client = utf8mb4 */;
CREATE TABLE `suyuanapplication_energyimportandexportmodel` (
  `id` bigint NOT NULL AUTO_INCREMENT,
  `year` int NOT NULL,
  `coal_e` decimal(10,2) NOT NULL,
  `coal_i` decimal(10,2) NOT NULL,
  `petroleum_e` decimal(10,2) NOT NULL,
  `petroleum_i` decimal(10,2) NOT NULL,
  `power_e` decimal(10,2) NOT NULL,
  `power_i` decimal(10,2) NOT NULL,
  `all_e` decimal(10,2) NOT NULL,
  `all_i` decimal(10,2) NOT NULL,
  `created_at` datetime(6) NOT NULL,
  PRIMARY KEY (`id`),
  UNIQUE KEY `SuYuanApplication_nation_year_cf1bd179_uniq` (`year`)
) ENGINE=InnoDB AUTO_INCREMENT=6 DEFAULT CHARSET=utf8mb4 COLLATE=utf8mb4_0900_ai_ci;
/*!40101 SET character_set_client = @saved_cs_client */;

--
-- Dumping data for table `suyuanapplication_energyimportandexportmodel`
--

LOCK TABLES `suyuanapplication_energyimportandexportmodel` WRITE;
/*!40000 ALTER TABLE `suyuanapplication_energyimportandexportmodel` DISABLE KEYS */;
INSERT INTO `suyuanapplication_energyimportandexportmodel` VALUES (1,2010,1911.00,18307.00,4079.00,29437.00,191.00,55.00,8803.00,57671.00,'2024-03-25 15:52:09.022149'),(2,2015,534.00,20406.00,5128.00,39749.00,187.00,62.00,9785.00,77695.00,'2024-03-25 15:52:09.022149'),(3,2019,603.00,29977.00,8211.00,58102.00,217.00,49.00,14151.00,119064.00,'2024-03-25 15:52:09.022149'),(4,2020,319.00,30361.00,7551.00,61272.00,218.00,48.00,12838.00,124805.00,'2024-03-25 15:52:09.022149'),(5,2021,261.00,32327.00,7617.00,58820.00,202.00,59.00,13122.00,214807.00,'2024-03-25 15:52:09.022149');
/*!40000 ALTER TABLE `suyuanapplication_energyimportandexportmodel` ENABLE KEYS */;
UNLOCK TABLES;

--
-- Table structure for table `suyuanapplication_energyproductionandinventorymodel`
--

DROP TABLE IF EXISTS `suyuanapplication_energyproductionandinventorymodel`;
/*!40101 SET @saved_cs_client     = @@character_set_client */;
/*!50503 SET character_set_client = utf8mb4 */;
CREATE TABLE `suyuanapplication_energyproductionandinventorymodel` (
  `id` bigint NOT NULL AUTO_INCREMENT,
  `year` int NOT NULL,
  `total_energy_available_for_consumption` decimal(10,2) NOT NULL,
  `total_production_of_primary_energy` decimal(10,2) NOT NULL,
  `created_at` datetime(6) NOT NULL,
  PRIMARY KEY (`id`),
  UNIQUE KEY `SuYuanApplication_nation_year_2575435f_uniq` (`year`)
) ENGINE=InnoDB AUTO_INCREMENT=9 DEFAULT CHARSET=utf8mb4 COLLATE=utf8mb4_0900_ai_ci;
/*!40101 SET character_set_client = @saved_cs_client */;

--
-- Dumping data for table `suyuanapplication_energyproductionandinventorymodel`
--

LOCK TABLES `suyuanapplication_energyproductionandinventorymodel` WRITE;
/*!40000 ALTER TABLE `suyuanapplication_energyproductionandinventorymodel` DISABLE KEYS */;
INSERT INTO `suyuanapplication_energyproductionandinventorymodel` VALUES (1,2010,365588.00,312125.00,'2024-03-25 15:52:13.464224'),(2,2015,431636.00,362193.00,'2024-03-25 15:52:13.464224'),(3,2019,493178.00,397317.00,'2024-03-25 15:52:13.464224'),(4,2020,507479.00,407295.00,'2024-03-25 15:52:13.464224'),(5,2021,533841.00,432547.29,'2024-03-25 15:52:13.464224'),(6,2018,481420.64,377033.20,'2024-03-25 19:06:59.276324'),(7,2017,478284.03,359371.69,'2024-03-25 19:07:10.982172'),(8,2022,549322.39,472961.58,'2024-03-25 19:13:58.325570');
/*!40000 ALTER TABLE `suyuanapplication_energyproductionandinventorymodel` ENABLE KEYS */;
UNLOCK TABLES;

--
-- Table structure for table `suyuanapplication_energyreservemodel`
--

DROP TABLE IF EXISTS `suyuanapplication_energyreservemodel`;
/*!40101 SET @saved_cs_client     = @@character_set_client */;
/*!50503 SET character_set_client = utf8mb4 */;
CREATE TABLE `suyuanapplication_energyreservemodel` (
  `id` bigint NOT NULL AUTO_INCREMENT,
  `year` int NOT NULL,
  `created_at` datetime(6) NOT NULL,
  `coal` decimal(10,2) NOT NULL,
  `geothermal` decimal(10,2) NOT NULL,
  `natural_gas` decimal(10,2) NOT NULL,
  `petroleum` decimal(10,2) NOT NULL,
  `range` varchar(10) NOT NULL,
  `sun` decimal(10,2) NOT NULL,
  `wind` decimal(10,2) NOT NULL,
  PRIMARY KEY (`id`)
) ENGINE=InnoDB AUTO_INCREMENT=3 DEFAULT CHARSET=utf8mb4 COLLATE=utf8mb4_0900_ai_ci;
/*!40101 SET character_set_client = @saved_cs_client */;

--
-- Dumping data for table `suyuanapplication_energyreservemodel`
--

LOCK TABLES `suyuanapplication_energyreservemodel` WRITE;
/*!40000 ALTER TABLE `suyuanapplication_energyreservemodel` DISABLE KEYS */;
INSERT INTO `suyuanapplication_energyreservemodel` VALUES (1,2023,'2024-03-29 19:32:40.504760',10730.22,18096.60,211.00,17339.00,'全球',64.89,25.64),(2,2023,'2024-03-29 19:33:10.798470',2070.12,2298.30,7.20,256.20,'全国',29.20,10.00);
/*!40000 ALTER TABLE `suyuanapplication_energyreservemodel` ENABLE KEYS */;
UNLOCK TABLES;

--
-- Table structure for table `suyuanapplication_marketinvestmentmodel`
--

DROP TABLE IF EXISTS `suyuanapplication_marketinvestmentmodel`;
/*!40101 SET @saved_cs_client     = @@character_set_client */;
/*!50503 SET character_set_client = utf8mb4 */;
CREATE TABLE `suyuanapplication_marketinvestmentmodel` (
  `id` bigint NOT NULL AUTO_INCREMENT,
  `year` int NOT NULL,
  `energy_investment` decimal(10,2) NOT NULL,
  `new_energy_storage_projects_power` decimal(10,2) NOT NULL,
  `new_energy_storage_projects` decimal(10,2) NOT NULL,
  `electricity_trading` decimal(10,2) NOT NULL,
  `created_at` datetime(6) NOT NULL,
  `coal_methane` decimal(10,2) NOT NULL,
  PRIMARY KEY (`id`)
) ENGINE=InnoDB AUTO_INCREMENT=3 DEFAULT CHARSET=utf8mb4 COLLATE=utf8mb4_0900_ai_ci;
/*!40101 SET character_set_client = @saved_cs_client */;

--
-- Dumping data for table `suyuanapplication_marketinvestmentmodel`
--

LOCK TABLES `suyuanapplication_marketinvestmentmodel` WRITE;
/*!40000 ALTER TABLE `suyuanapplication_marketinvestmentmodel` DISABLE KEYS */;
INSERT INTO `suyuanapplication_marketinvestmentmodel` VALUES (1,2022,27789.46,3066.54,6439.40,52484.40,'2024-03-29 13:35:48.437259',93.57),(2,2023,28241.32,3138.79,6686.81,56986.32,'2024-03-29 16:26:47.420355',117.70);
/*!40000 ALTER TABLE `suyuanapplication_marketinvestmentmodel` ENABLE KEYS */;
UNLOCK TABLES;

--
-- Table structure for table `suyuanapplication_mineraldevelopmentmodel`
--

DROP TABLE IF EXISTS `suyuanapplication_mineraldevelopmentmodel`;
/*!40101 SET @saved_cs_client     = @@character_set_client */;
/*!50503 SET character_set_client = utf8mb4 */;
CREATE TABLE `suyuanapplication_mineraldevelopmentmodel` (
  `id` bigint NOT NULL AUTO_INCREMENT,
  `region` varchar(100) NOT NULL,
  `year` int NOT NULL,
  `coal` decimal(10,2) NOT NULL,
  `petroleum` decimal(10,2) NOT NULL,
  `gas` decimal(10,2) NOT NULL,
  `coalbed_methane` decimal(10,2) NOT NULL,
  `shale_gas` decimal(10,2) NOT NULL,
  `iron` decimal(10,2) NOT NULL,
  `manganese` decimal(10,2) NOT NULL,
  `ferrochrome` decimal(10,2) NOT NULL,
  `created_at` datetime(6) NOT NULL,
  PRIMARY KEY (`id`),
  UNIQUE KEY `SuYuanApplication_minera_year_region_4fcaaabb_uniq` (`year`,`region`),
  UNIQUE KEY `SuYuanApplication_mineraldevelopmentmodel_year_8b7344a6_uniq` (`year`)
) ENGINE=InnoDB AUTO_INCREMENT=8 DEFAULT CHARSET=utf8mb4 COLLATE=utf8mb4_0900_ai_ci;
/*!40101 SET character_set_client = @saved_cs_client */;

--
-- Dumping data for table `suyuanapplication_mineraldevelopmentmodel`
--

LOCK TABLES `suyuanapplication_mineraldevelopmentmodel` WRITE;
/*!40000 ALTER TABLE `suyuanapplication_mineraldevelopmentmodel` DISABLE KEYS */;
INSERT INTO `suyuanapplication_mineraldevelopmentmodel` VALUES (1,'全国',2022,2070.12,38.06,65690.12,3659.69,5605.59,162.46,27561.45,279.47,'2024-03-25 15:52:14.421474'),(2,'全国',2021,2078.85,36.89,63392.67,3659.68,5440.62,161.24,28168.78,308.60,'2024-03-25 15:52:14.421474'),(3,'全国',2020,1622.88,36.19,62665.78,3315.54,4026.17,108.78,21295.69,276.97,'2024-03-25 15:52:14.421474'),(4,'全国',2018,17085.73,35.73,57936.08,3046.30,2160.20,852.19,18.16,1193.27,'2024-03-25 15:52:14.421474'),(5,'全国',2017,16666.73,35.42,55220.96,3025.36,1982.88,848.88,18.46,1220.24,'2024-03-25 15:52:14.421474'),(6,'全国',2016,15980.01,35.01,54365.47,3344.04,1224.13,840.63,15.51,1233.19,'2024-03-25 15:52:14.421474'),(7,'全国',2019,17385.83,46.93,66026.98,3110.40,9804.40,857.49,19.16,1166.24,'2024-03-25 15:52:14.421474');
/*!40000 ALTER TABLE `suyuanapplication_mineraldevelopmentmodel` ENABLE KEYS */;
UNLOCK TABLES;

--
-- Table structure for table `suyuanapplication_newenergymodel`
--

DROP TABLE IF EXISTS `suyuanapplication_newenergymodel`;
/*!40101 SET @saved_cs_client     = @@character_set_client */;
/*!50503 SET character_set_client = utf8mb4 */;
CREATE TABLE `suyuanapplication_newenergymodel` (
  `id` bigint NOT NULL AUTO_INCREMENT,
  `year` int NOT NULL,
  `energy_type` varchar(50) NOT NULL,
  `value` decimal(10,1) NOT NULL,
  `created_at` datetime(6) NOT NULL,
  PRIMARY KEY (`id`)
) ENGINE=InnoDB AUTO_INCREMENT=26 DEFAULT CHARSET=utf8mb4 COLLATE=utf8mb4_0900_ai_ci;
/*!40101 SET character_set_client = @saved_cs_client */;

--
-- Dumping data for table `suyuanapplication_newenergymodel`
--

LOCK TABLES `suyuanapplication_newenergymodel` WRITE;
/*!40000 ALTER TABLE `suyuanapplication_newenergymodel` DISABLE KEYS */;
INSERT INTO `suyuanapplication_newenergymodel` VALUES (1,2022,'太阳能源',4273.0,'2024-03-28 21:40:10.835194'),(2,2022,'风力能源',7627.0,'2024-03-28 21:40:26.317036'),(3,2022,'水利能源',13588.0,'2024-03-28 21:41:20.885089'),(4,2022,'生物质能',1824.0,'2024-03-28 21:42:44.008361'),(5,2021,'太阳能源',3259.0,'2024-03-28 21:43:14.005027'),(6,2021,'风力能源',6556.0,'2024-03-28 21:43:21.050541'),(7,2021,'水利能源',13447.0,'2024-03-28 21:43:31.590746'),(8,2021,'生物质能',1637.0,'2024-03-28 21:43:42.349988'),(9,2020,'太阳能源',2611.0,'2024-03-28 21:44:06.331078'),(10,2020,'风力能源',4665.0,'2024-03-28 21:44:14.054111'),(11,2020,'水利能源',13552.0,'2024-03-28 21:44:23.096686'),(12,2020,'生物质能',1326.0,'2024-03-28 21:44:31.428035'),(13,2019,'太阳能源',2243.0,'2024-03-28 21:45:05.526991'),(14,2019,'风力能源',4057.0,'2024-03-28 21:45:16.654841'),(15,2019,'水利能源',13649.0,'2024-03-28 21:45:25.849615'),(16,2019,'生物质能',1111.0,'2024-03-28 21:45:37.303489'),(17,2018,'风力能源',3659.6,'2024-03-28 21:46:47.091785'),(18,2018,'太阳能源',1775.5,'2024-03-28 21:46:57.296033'),(19,2018,'水利能源',12329.3,'2024-03-28 21:47:13.162727'),(20,2018,'生物质能',906.0,'2024-03-28 21:47:23.311043'),(21,2017,'生物质能',795.0,'2024-03-28 21:47:52.230746'),(23,2017,'水利能源',11945.0,'2024-03-28 21:48:18.419259'),(24,2017,'太阳能源',1182.0,'2024-03-28 21:48:24.552210'),(25,2017,'风力能源',3057.0,'2024-03-28 21:48:32.281613');
/*!40000 ALTER TABLE `suyuanapplication_newenergymodel` ENABLE KEYS */;
UNLOCK TABLES;

--
-- Table structure for table `suyuanapplication_powergenerationinstalledcapacitymodel`
--

DROP TABLE IF EXISTS `suyuanapplication_powergenerationinstalledcapacitymodel`;
/*!40101 SET @saved_cs_client     = @@character_set_client */;
/*!50503 SET character_set_client = utf8mb4 */;
CREATE TABLE `suyuanapplication_powergenerationinstalledcapacitymodel` (
  `id` bigint NOT NULL AUTO_INCREMENT,
  `year` int NOT NULL,
  `thermal_power` decimal(10,2) NOT NULL,
  `hydropower` decimal(10,2) NOT NULL,
  `nuclear_power` decimal(10,2) NOT NULL,
  `wind_power` decimal(10,2) NOT NULL,
  `solar_power_generation` decimal(10,2) NOT NULL,
  `other_power` decimal(10,2) NOT NULL,
  `created_at` datetime(6) NOT NULL,
  PRIMARY KEY (`id`),
  UNIQUE KEY `SuYuanApplication_nation_year_b368136c_uniq` (`year`)
) ENGINE=InnoDB AUTO_INCREMENT=6 DEFAULT CHARSET=utf8mb4 COLLATE=utf8mb4_0900_ai_ci;
/*!40101 SET character_set_client = @saved_cs_client */;

--
-- Dumping data for table `suyuanapplication_powergenerationinstalledcapacitymodel`
--

LOCK TABLES `suyuanapplication_powergenerationinstalledcapacitymodel` WRITE;
/*!40000 ALTER TABLE `suyuanapplication_powergenerationinstalledcapacitymodel` DISABLE KEYS */;
INSERT INTO `suyuanapplication_powergenerationinstalledcapacitymodel` VALUES (1,2018,114408.00,35259.00,4466.00,18427.00,17433.00,19.00,'2024-03-25 15:52:15.251991'),(2,2019,118957.00,35804.00,4874.00,20915.00,20418.00,37.00,'2024-03-25 15:52:15.251991'),(3,2020,124624.00,37028.00,4989.00,28165.00,25356.00,41.00,'2024-03-25 15:52:15.251991'),(4,2021,129739.00,39094.00,5326.00,32871.00,30654.00,94.00,'2024-03-25 15:52:15.251991'),(5,2022,133329.00,41406.00,5553.00,36564.00,39268.00,675.00,'2024-03-25 15:52:15.251991');
/*!40000 ALTER TABLE `suyuanapplication_powergenerationinstalledcapacitymodel` ENABLE KEYS */;
UNLOCK TABLES;

--
-- Table structure for table `suyuanapplication_regionalresourcefacilitiesmodel`
--

DROP TABLE IF EXISTS `suyuanapplication_regionalresourcefacilitiesmodel`;
/*!40101 SET @saved_cs_client     = @@character_set_client */;
/*!50503 SET character_set_client = utf8mb4 */;
CREATE TABLE `suyuanapplication_regionalresourcefacilitiesmodel` (
  `id` bigint NOT NULL AUTO_INCREMENT,
  `region` varchar(100) NOT NULL,
  `name` varchar(30) NOT NULL,
  `do` varchar(30) NOT NULL,
  `number` decimal(7,2) NOT NULL,
  `up` varchar(10) NOT NULL,
  `when` date NOT NULL,
  `created_at` datetime(6) NOT NULL,
  PRIMARY KEY (`id`),
  UNIQUE KEY `SuYuanApplication_region_region_name_1cfeef21_uniq` (`region`,`name`)
) ENGINE=InnoDB AUTO_INCREMENT=9 DEFAULT CHARSET=utf8mb4 COLLATE=utf8mb4_0900_ai_ci;
/*!40101 SET character_set_client = @saved_cs_client */;

--
-- Dumping data for table `suyuanapplication_regionalresourcefacilitiesmodel`
--

LOCK TABLES `suyuanapplication_regionalresourcefacilitiesmodel` WRITE;
/*!40000 ALTER TABLE `suyuanapplication_regionalresourcefacilitiesmodel` DISABLE KEYS */;
INSERT INTO `suyuanapplication_regionalresourcefacilitiesmodel` VALUES (1,'安徽','铜陵矿业','产铜',12.10,'万吨','1999-12-31','2024-03-25 15:52:16.138171'),(2,'安徽','淮南矿业','采煤',5100.54,'万吨','1999-12-31','2024-03-25 15:52:16.138171'),(3,'安徽','高邮湖风','发电',81.22,'亿千瓦时','2024-08-06','2024-03-25 15:52:16.138171'),(4,'安徽','绩溪电站','发电',40.12,'亿千瓦时','2021-07-23','2024-03-25 15:52:16.138171'),(5,'安徽','芜湖电厂','发电',15.36,'亿千瓦时','2011-03-01','2024-03-25 15:52:16.138171'),(6,'安徽','恒源煤电','产煤',702.40,'万吨','2023-10-12','2024-03-25 15:52:16.138171'),(7,'安徽','淮河能源','产电',49.10,'亿千瓦时','2024-02-02','2024-03-25 15:52:16.138171'),(8,'安徽','铜陵有色','加工铜',40.02,'万吨','2022-11-18','2024-03-25 15:52:16.138171');
/*!40000 ALTER TABLE `suyuanapplication_regionalresourcefacilitiesmodel` ENABLE KEYS */;
UNLOCK TABLES;
/*!40103 SET TIME_ZONE=@OLD_TIME_ZONE */;

/*!40101 SET SQL_MODE=@OLD_SQL_MODE */;
/*!40014 SET FOREIGN_KEY_CHECKS=@OLD_FOREIGN_KEY_CHECKS */;
/*!40014 SET UNIQUE_CHECKS=@OLD_UNIQUE_CHECKS */;
/*!40101 SET CHARACTER_SET_CLIENT=@OLD_CHARACTER_SET_CLIENT */;
/*!40101 SET CHARACTER_SET_RESULTS=@OLD_CHARACTER_SET_RESULTS */;
/*!40101 SET COLLATION_CONNECTION=@OLD_COLLATION_CONNECTION */;
/*!40111 SET SQL_NOTES=@OLD_SQL_NOTES */;

-- Dump completed on 2024-03-29 22:07:50
